open_time,open,high,low,close,volume,close_time,quote_asset_volume,number_of_trades,taker_buy_base_asset_volume,taker_buy_quote_asset_volume,ignore
2023-12-06 14:03:00,38000,38000,38000,38000,0,1701871439999,0,0,0,0,0
2023-12-06 14:04:00,38000,38000,38000,38000,0,1701871499999,0,0,0,0,0
2023-12-06 14:05:00,38000,38000,38000,38000,0,1701871559999,0,0,0,0,0
2023-12-06 14:06:00,38000,38000,38000,38000,0,1701871619999,0,0,0,0,0
2023-12-06 14:07:00,38000,38000,38000,38000,0,1701871679999,0,0,0,0,0
2023-12-06 14:08:00,38000,38000,38000,38000,0,1701871739999,0,0,0,0,0
2023-12-06 14:09:00,38000,38000,38000,38000,0,1701871799999,0,0,0,0,0
2023-12-06 14:10:00,38000,38000,38000,38000,0,1701871859999,0,0,0,0,0
2023-12-06 14:11:00,38000,38000,38000,38000,0,1701871919999,0,0,0,0,0
2023-12-06 14:12:00,38000,38000,38000,38000,0,1701871979999,0,0,0,0,0
2023-12-06 14:13:00,38000,38000,38000,38000,0,1701872039999,0,0,0,0,0
2023-12-06 14:14:00,38000,38000,38000,38000,0,1701872099999,0,0,0,0,0
2023-12-06 14:15:00,38000,38000,38000,38000,0,1701872159999,0,0,0,0,0
2023-12-06 14:16:00,38000,38000,38000,38000,0,1701872219999,0,0,0,0,0
2023-12-06 14:17:00,38000,38000,38000,38000,0,1701872279999,0,0,0,0,0
2023-12-06 14:18:00,38000,38000,38000,38000,0,1701872339999,0,0,0,0,0
2023-12-06 14:19:00,38000,38000,38000,38000,0,1701872399999,0,0,0,0,0
2023-12-06 14:20:00,38000,38000,38000,38000,0,1701872459999,0,0,0,0,0
2023-12-06 14:21:00,38000,38000,38000,38000,0,1701872519999,0,0,0,0,0
2023-12-06 14:22:00,38000,38000,38000,38000,0,1701872579999,0,0,0,0,0
2023-12-06 14:23:00,38000,38000,38000,38000,0,1701872639999,0,0,0,0,0
2023-12-06 14:24:00,38000,38000,38000,38000,0,1701872699999,0,0,0,0,0
2023-12-06 14:25:00,38000,38000,38000,38000,0,1701872759999,0,0,0,0,0
2023-12-06 14:26:00,38000,38000,38000,38000,0,1701872819999,0,0,0,0,0
2023-12-06 14:27:00,38000,38000,38000,38000,0,1701872879999,0,0,0,0,0
2023-12-06 14:28:00,38000,38000,38000,38000,0,1701872939999,0,0,0,0,0
2023-12-06 14:29:00,38000,38000,38000,38000,0,1701872999999,0,0,0,0,0
2023-12-06 14:30:00,38000,38000,38000,38000,0,1701873059999,0,0,0,0,0
2023-12-06 14:31:00,38000,38000,38000,38000,0,1701873119999,0,0,0,0,0
2023-12-06 14:32:00,38000,38000,38000,38000,0,1701873179999,0,0,0,0,0
2023-12-06 14:33:00,38000,38000,38000,38000,0,1701873239999,0,0,0,0,0
2023-12-06 14:34:00,38000,38000,38000,38000,0,1701873299999,0,0,0,0,0
2023-12-06 14:35:00,38000,38000,38000,38000,0,1701873359999,0,0,0,0,0
2023-12-06 14:36:00,38000,38000,38000,38000,0,1701873419999,0,0,0,0,0
2023-12-06 14:37:00,38000,38000,38000,38000,0,1701873479999,0,0,0,0,0
2023-12-06 14:38:00,38000,38000,38000,38000,0,1701873539999,0,0,0,0,0
2023-12-06 14:39:00,38000,38000,38000,38000,0,1701873599999,0,0,0,0,0
2023-12-06 14:40:00,38000,38000,38000,38000,0,1701873659999,0,0,0,0,0
2023-12-06 14:41:00,38000,38000,38000,38000,0,1701873719999,0,0,0,0,0
2023-12-06 14:42:00,38000,38000,38000,38000,0,1701873779999,0,0,0,0,0
2023-12-06 14:43:00,38000,38000,38000,38000,0,1701873839999,0,0,0,0,0
2023-12-06 14:44:00,38000,38000,38000,38000,0,1701873899999,0,0,0,0,0
2023-12-06 14:45:00,38000,38000,38000,38000,0,1701873959999,0,0,0,0,0
2023-12-06 14:46:00,38000,38000,38000,38000,0,1701874019999,0,0,0,0,0
2023-12-06 14:47:00,38000,38000,38000,38000,0,1701874079999,0,0,0,0,0
2023-12-06 14:48:00,38000,38000,38000,38000,0,1701874139999,0,0,0,0,0
2023-12-06 14:49:00,38000,38000,38000,38000,0,1701874199999,0,0,0,0,0
2023-12-06 14:50:00,38000,38000,38000,38000,0,1701874259999,0,0,0,0,0
2023-12-06 14:51:00,38000,38000,38000,38000,0,1701874319999,0,0,0,0,0
2023-12-06 14:52:00,38000,38000,38000,38000,0,1701874379999,0,0,0,0,0
2023-12-06 14:53:00,38000,38000,38000,38000,0,1701874439999,0,0,0,0,0
2023-12-06 14:54:00,38000,38000,38000,38000,0,1701874499999,0,0,0,0,0
2023-12-06 14:55:00,38000,38000,38000,38000,0,1701874559999,0,0,0,0,0
2023-12-06 14:56:00,38000,38000,38000,38000,0,1701874619999,0,0,0,0,0
2023-12-06 14:57:00,38000,38000,38000,38000,0,1701874679999,0,0,0,0,0
2023-12-06 14:58:00,38000,38000,38000,38000,0,1701874739999,0,0,0,0,0
2023-12-06 14:59:00,38000,38000,38000,38000,0,1701874799999,0,0,0,0,0
2023-12-06 15:00:00,38000,38000,38000,38000,0,1701874859999,0,0,0,0,0
2023-12-06 15:01:00,38000,38000,38000,38000,0,1701874919999,0,0,0,0,0
2023-12-06 15:02:00,38000,38000,38000,38000,0,1701874979999,0,0,0,0,0
2023-12-06 15:03:00,38000,38000,38000,38000,0,1701875039999,0,0,0,0,0
2023-12-06 15:04:00,38000,38000,38000,38000,0,1701875099999,0,0,0,0,0
2023-12-06 15:05:00,38000,38000,38000,38000,0,1701875159999,0,0,0,0,0
2023-12-06 15:06:00,38000,38000,38000,38000,0,1701875219999,0,0,0,0,0
2023-12-06 15:07:00,38000,38000,38000,38000,0,1701875279999,0,0,0,0,0
2023-12-06 15:08:00,38000,38000,38000,38000,0,1701875339999,0,0,0,0,0
2023-12-06 15:09:00,38000,38000,38000,38000,0,1701875399999,0,0,0,0,0
2023-12-06 15:10:00,38000,38000,38000,38000,0,1701875459999,0,0,0,0,0
2023-12-06 15:11:00,38000,38000,38000,38000,0,1701875519999,0,0,0,0,0
2023-12-06 15:12:00,38000,38000,38000,38000,0,1701875579999,0,0,0,0,0
2023-12-06 15:13:00,38000,38000,38000,38000,0,1701875639999,0,0,0,0,0
2023-12-06 15:14:00,38000,38000,38000,38000,0,1701875699999,0,0,0,0,0
2023-12-06 15:15:00,38000,38000,38000,38000,0,1701875759999,0,0,0,0,0
2023-12-06 15:16:00,38000,38000,38000,38000,0,1701875819999,0,0,0,0,0
2023-12-06 15:17:00,38000,38000,38000,38000,0,1701875879999,0,0,0,0,0
2023-12-06 15:18:00,38000,38000,38000,38000,0,1701875939999,0,0,0,0,0
2023-12-06 15:19:00,38000,38000,38000,38000,0,1701875999999,0,0,0,0,0
2023-12-06 15:20:00,38000,38000,38000,38000,0,1701876059999,0,0,0,0,0
2023-12-06 15:21:00,38000,38000,38000,38000,0,1701876119999,0,0,0,0,0
2023-12-06 15:22:00,38000,38000,38000,38000,0,1701876179999,0,0,0,0,0
2023-12-06 15:23:00,38000,38000,38000,38000,0,1701876239999,0,0,0,0,0
2023-12-06 15:24:00,38000,38000,38000,38000,0,1701876299999,0,0,0,0,0
2023-12-06 15:25:00,38000,38000,38000,38000,0,1701876359999,0,0,0,0,0
2023-12-06 15:26:00,38000,38000,38000,38000,0,1701876419999,0,0,0,0,0
2023-12-06 15:27:00,38000,38000,38000,38000,0,1701876479999,0,0,0,0,0
2023-12-06 15:28:00,38000,38000,38000,38000,0,1701876539999,0,0,0,0,0
2023-12-06 15:29:00,38000,38000,38000,38000,0,1701876599999,0,0,0,0,0
2023-12-06 15:30:00,38000,38000,38000,38000,0,1701876659999,0,0,0,0,0
2023-12-06 15:31:00,38000,38000,38000,38000,0,1701876719999,0,0,0,0,0
2023-12-06 15:32:00,38000,38000,38000,38000,0,1701876779999,0,0,0,0,0
2023-12-06 15:33:00,38000,38000,38000,38000,0,1701876839999,0,0,0,0,0
2023-12-06 15:34:00,38000,38000,38000,38000,0,1701876899999,0,0,0,0,0
2023-12-06 15:35:00,38000,38000,38000,38000,0,1701876959999,0,0,0,0,0
2023-12-06 15:36:00,38000,38000,38000,38000,0,1701877019999,0,0,0,0,0
2023-12-06 15:37:00,38000,38000,38000,38000,0,1701877079999,0,0,0,0,0
2023-12-06 15:38:00,38000,38000,38000,38000,0,1701877139999,0,0,0,0,0
2023-12-06 15:39:00,38000,38000,38000,38000,0,1701877199999,0,0,0,0,0
2023-12-06 15:40:00,38000,38000,38000,38000,0,1701877259999,0,0,0,0,0
2023-12-06 15:41:00,38000,38000,38000,38000,0,1701877319999,0,0,0,0,0
2023-12-06 15:42:00,38000,38000,38000,38000,0,1701877379999,0,0,0,0,0
2023-12-06 15:43:00,38000,38000,38000,38000,0,1701877439999,0,0,0,0,0
2023-12-06 15:44:00,38000,38000,38000,38000,0,1701877499999,0,0,0,0,0
2023-12-06 15:45:00,38000,38000,38000,38000,0,1701877559999,0,0,0,0,0
2023-12-06 15:46:00,38000,38000,38000,38000,0,1701877619999,0,0,0,0,0
2023-12-06 15:47:00,38000,38000,38000,38000,0,1701877679999,0,0,0,0,0
2023-12-06 15:48:00,38000,38000,38000,38000,0,1701877739999,0,0,0,0,0
2023-12-06 15:49:00,38000,38000,38000,38000,0,1701877799999,0,0,0,0,0
2023-12-06 15:50:00,38000,38000,38000,38000,0,1701877859999,0,0,0,0,0
2023-12-06 15:51:00,38000,38000,38000,38000,0,1701877919999,0,0,0,0,0
2023-12-06 15:52:00,38000,38000,38000,38000,0,1701877979999,0,0,0,0,0
2023-12-06 15:53:00,38000,38000,38000,38000,0,1701878039999,0,0,0,0,0
2023-12-06 15:54:00,38000,38000,38000,38000,0,1701878099999,0,0,0,0,0
2023-12-06 15:55:00,38000,38000,38000,38000,0,1701878159999,0,0,0,0,0
2023-12-06 15:56:00,38000,38000,38000,38000,0,1701878219999,0,0,0,0,0
2023-12-06 15:57:00,38000,38000,38000,38000,0,1701878279999,0,0,0,0,0
2023-12-06 15:58:00,38000,38000,38000,38000,0,1701878339999,0,0,0,0,0
2023-12-06 15:59:00,38000,38000,38000,38000,0,1701878399999,0,0,0,0,0
2023-12-06 16:00:00,38000,38000,38000,38000,0,1701878459999,0,0,0,0,0
2023-12-06 16:01:00,38000,38000,38000,38000,0,1701878519999,0,0,0,0,0
2023-12-06 16:02:00,38000,38000,38000,38000,0,1701878579999,0,0,0,0,0
2023-12-06 16:03:00,38000,38000,38000,38000,0,1701878639999,0,0,0,0,0
2023-12-06 16:04:00,38000,38000,38000,38000,0,1701878699999,0,0,0,0,0
2023-12-06 16:05:00,38000,38000,38000,38000,0,1701878759999,0,0,0,0,0
2023-12-06 16:06:00,38000,38000,38000,38000,0,1701878819999,0,0,0,0,0
2023-12-06 16:07:00,38000,38000,38000,38000,0,1701878879999,0,0,0,0,0
2023-12-06 16:08:00,38000,38000,38000,38000,0,1701878939999,0,0,0,0,0
2023-12-06 16:09:00,38000,38000,38000,38000,0,1701878999999,0,0,0,0,0
2023-12-06 16:10:00,38000,38000,38000,38000,0,1701879059999,0,0,0,0,0
2023-12-06 16:11:00,38000,38000,38000,38000,0,1701879119999,0,0,0,0,0
2023-12-06 16:12:00,38000,38000,38000,38000,0,1701879179999,0,0,0,0,0
2023-12-06 16:13:00,38000,38000,38000,38000,0,1701879239999,0,0,0,0,0
2023-12-06 16:14:00,38000,38000,38000,38000,0,1701879299999,0,0,0,0,0
2023-12-06 16:15:00,38000,38000,38000,38000,0,1701879359999,0,0,0,0,0
2023-12-06 16:16:00,38000,38000,38000,38000,0,1701879419999,0,0,0,0,0
2023-12-06 16:17:00,38000,38000,38000,38000,0,1701879479999,0,0,0,0,0
2023-12-06 16:18:00,38000,38000,38000,38000,0,1701879539999,0,0,0,0,0
2023-12-06 16:19:00,38000,38000,38000,38000,0,1701879599999,0,0,0,0,0
2023-12-06 16:20:00,38000,38000,38000,38000,0,1701879659999,0,0,0,0,0
2023-12-06 16:21:00,38000,38000,38000,38000,0,1701879719999,0,0,0,0,0
2023-12-06 16:22:00,38000,38000,38000,38000,0,1701879779999,0,0,0,0,0
2023-12-06 16:23:00,38000,38000,38000,38000,0,1701879839999,0,0,0,0,0
2023-12-06 16:24:00,38000,38000,38000,38000,0,1701879899999,0,0,0,0,0
2023-12-06 16:25:00,38000,38000,38000,38000,0,1701879959999,0,0,0,0,0
2023-12-06 16:26:00,38000,38000,38000,38000,0,1701880019999,0,0,0,0,0
2023-12-06 16:27:00,38000,38000,38000,38000,0,1701880079999,0,0,0,0,0
2023-12-06 16:28:00,38000,38000,38000,38000,0,1701880139999,0,0,0,0,0
2023-12-06 16:29:00,38000,38000,38000,38000,0,1701880199999,0,0,0,0,0
2023-12-06 16:30:00,38000,38000,38000,38000,0,1701880259999,0,0,0,0,0
2023-12-06 16:31:00,38000,38000,38000,38000,0,1701880319999,0,0,0,0,0
2023-12-06 16:32:00,38000,38000,38000,38000,0,1701880379999,0,0,0,0,0
2023-12-06 16:33:00,38000,38000,38000,38000,0,1701880439999,0,0,0,0,0
2023-12-06 16:34:00,38000,38000,38000,38000,0,1701880499999,0,0,0,0,0
2023-12-06 16:35:00,38000,38000,38000,38000,0,1701880559999,0,0,0,0,0
2023-12-06 16:36:00,38000,38000,38000,38000,0,1701880619999,0,0,0,0,0
2023-12-06 16:37:00,38000,38000,38000,38000,0,1701880679999,0,0,0,0,0
2023-12-06 16:38:00,38000,38000,38000,38000,0,1701880739999,0,0,0,0,0
2023-12-06 16:39:00,38000,38000,38000,38000,0,1701880799999,0,0,0,0,0
2023-12-06 16:40:00,38000,38000,38000,38000,0,1701880859999,0,0,0,0,0
2023-12-06 16:41:00,38000,38000,38000,38000,0,1701880919999,0,0,0,0,0
2023-12-06 16:42:00,38000,38000,38000,38000,0,1701880979999,0,0,0,0,0
2023-12-06 16:43:00,38000,38000,38000,38000,0,1701881039999,0,0,0,0,0
2023-12-06 16:44:00,38000,38000,38000,38000,0,1701881099999,0,0,0,0,0
2023-12-06 16:45:00,38000,38000,38000,38000,0,1701881159999,0,0,0,0,0
2023-12-06 16:46:00,38000,38000,38000,38000,0,1701881219999,0,0,0,0,0
2023-12-06 16:47:00,38000,38000,38000,38000,0,1701881279999,0,0,0,0,0
2023-12-06 16:48:00,38000,38000,38000,38000,0,1701881339999,0,0,0,0,0
2023-12-06 16:49:00,38000,38000,38000,38000,0,1701881399999,0,0,0,0,0
2023-12-06 16:50:00,38000,38000,38000,38000,0,1701881459999,0,0,0,0,0
2023-12-06 16:51:00,38000,38000,38000,38000,0,1701881519999,0,0,0,0,0
2023-12-06 16:52:00,38000,38000,38000,38000,0,1701881579999,0,0,0,0,0
2023-12-06 16:53:00,38000,38000,38000,38000,0,1701881639999,0,0,0,0,0
2023-12-06 16:54:00,38000,38000,38000,38000,0,1701881699999,0,0,0,0,0
2023-12-06 16:55:00,38000,38000,38000,38000,0,1701881759999,0,0,0,0,0
2023-12-06 16:56:00,38000,38000,38000,38000,0,1701881819999,0,0,0,0,0
2023-12-06 16:57:00,38000,38000,38000,38000,0,1701881879999,0,0,0,0,0
2023-12-06 16:58:00,38000,38000,38000,38000,0,1701881939999,0,0,0,0,0
2023-12-06 16:59:00,38000,38000,38000,38000,0,1701881999999,0,0,0,0,0
2023-12-06 17:00:00,38000,38000,38000,38000,0,1701882059999,0,0,0,0,0
2023-12-06 17:01:00,38000,38000,38000,38000,0,1701882119999,0,0,0,0,0
2023-12-06 17:02:00,38000,38000,38000,38000,0,1701882179999,0,0,0,0,0
2023-12-06 17:03:00,38000,38000,38000,38000,0,1701882239999,0,0,0,0,0
2023-12-06 17:04:00,38000,38000,38000,38000,0,1701882299999,0,0,0,0,0
2023-12-06 17:05:00,38000,38000,38000,38000,0,1701882359999,0,0,0,0,0
2023-12-06 17:06:00,38000,38000,38000,38000,0,1701882419999,0,0,0,0,0
2023-12-06 17:07:00,38000,38000,38000,38000,0,1701882479999,0,0,0,0,0
2023-12-06 17:08:00,38000,38000,38000,38000,0,1701882539999,0,0,0,0,0
2023-12-06 17:09:00,38000,38000,38000,38000,0,1701882599999,0,0,0,0,0
2023-12-06 17:10:00,38000,38000,38000,38000,0,1701882659999,0,0,0,0,0
2023-12-06 17:11:00,38000,38000,38000,38000,0,1701882719999,0,0,0,0,0
2023-12-06 17:12:00,38000,38000,38000,38000,0,1701882779999,0,0,0,0,0
2023-12-06 17:13:00,38000,38000,38000,38000,0,1701882839999,0,0,0,0,0
2023-12-06 17:14:00,38000,38000,38000,38000,0,1701882899999,0,0,0,0,0
2023-12-06 17:15:00,38000,38000,38000,38000,0,1701882959999,0,0,0,0,0
2023-12-06 17:16:00,38000,38000,38000,38000,0,1701883019999,0,0,0,0,0
2023-12-06 17:17:00,38000,38000,38000,38000,0,1701883079999,0,0,0,0,0
2023-12-06 17:18:00,38000,38000,38000,38000,0,1701883139999,0,0,0,0,0
2023-12-06 17:19:00,38000,38000,38000,38000,0,1701883199999,0,0,0,0,0
2023-12-06 17:20:00,38000,38000,38000,38000,0,1701883259999,0,0,0,0,0
2023-12-06 17:21:00,38000,38000,38000,38000,0,1701883319999,0,0,0,0,0
2023-12-06 17:22:00,38000,38000,38000,38000,0,1701883379999,0,0,0,0,0
2023-12-06 17:23:00,38000,38000,38000,38000,0,1701883439999,0,0,0,0,0
2023-12-06 17:24:00,38000,38000,38000,38000,0,1701883499999,0,0,0,0,0
2023-12-06 17:25:00,38000,38000,38000,38000,0,1701883559999,0,0,0,0,0
2023-12-06 17:26:00,38000,38000,38000,38000,0,1701883619999,0,0,0,0,0
2023-12-06 17:27:00,38000,38000,38000,38000,0,1701883679999,0,0,0,0,0
2023-12-06 17:28:00,38000,38000,38000,38000,0,1701883739999,0,0,0,0,0
2023-12-06 17:29:00,38000,38000,38000,38000,0,1701883799999,0,0,0,0,0
2023-12-06 17:30:00,38000,38000,38000,38000,0,1701883859999,0,0,0,0,0
2023-12-06 17:31:00,38000,38000,38000,38000,0,1701883919999,0,0,0,0,0
2023-12-06 17:32:00,38000,38000,38000,38000,0,1701883979999,0,0,0,0,0
2023-12-06 17:33:00,38000,38000,38000,38000,0,1701884039999,0,0,0,0,0
2023-12-06 17:34:00,38000,38000,38000,38000,0,1701884099999,0,0,0,0,0
2023-12-06 17:35:00,38000,38000,38000,38000,0,1701884159999,0,0,0,0,0
2023-12-06 17:36:00,38000,38000,38000,38000,0,1701884219999,0,0,0,0,0
2023-12-06 17:37:00,38000,38000,38000,38000,0,1701884279999,0,0,0,0,0
2023-12-06 17:38:00,38000,38000,38000,38000,0,1701884339999,0,0,0,0,0
2023-12-06 17:39:00,38000,38000,38000,38000,0,1701884399999,0,0,0,0,0
2023-12-06 17:40:00,38000,38000,38000,38000,0,1701884459999,0,0,0,0,0
2023-12-06 17:41:00,38000,38000,38000,38000,0,1701884519999,0,0,0,0,0
2023-12-06 17:42:00,38000,38000,38000,38000,0,1701884579999,0,0,0,0,0
2023-12-06 17:43:00,38000,38000,38000,38000,0,1701884639999,0,0,0,0,0
2023-12-06 17:44:00,38000,38000,38000,38000,0,1701884699999,0,0,0,0,0
2023-12-06 17:45:00,38000,38000,38000,38000,0,1701884759999,0,0,0,0,0
2023-12-06 17:46:00,38000,38000,38000,38000,0,1701884819999,0,0,0,0,0
2023-12-06 17:47:00,38000,38000,38000,38000,0,1701884879999,0,0,0,0,0
2023-12-06 17:48:00,38000,38000,38000,38000,0,1701884939999,0,0,0,0,0
2023-12-06 17:49:00,38000,38000,38000,38000,0,1701884999999,0,0,0,0,0
2023-12-06 17:50:00,38000,38000,38000,38000,0,1701885059999,0,0,0,0,0
2023-12-06 17:51:00,38000,38000,38000,38000,0,1701885119999,0,0,0,0,0
2023-12-06 17:52:00,38000,38000,38000,38000,0,1701885179999,0,0,0,0,0
2023-12-06 17:53:00,38000,38000,38000,38000,0,1701885239999,0,0,0,0,0
2023-12-06 17:54:00,38000,38000,38000,38000,0,1701885299999,0,0,0,0,0
2023-12-06 17:55:00,38000,38000,38000,38000,0,1701885359999,0,0,0,0,0
2023-12-06 17:56:00,38000,38000,38000,38000,0,1701885419999,0,0,0,0,0
2023-12-06 17:57:00,38000,38000,38000,38000,0,1701885479999,0,0,0,0,0
2023-12-06 17:58:00,38000,38000,38000,38000,0,1701885539999,0,0,0,0,0
2023-12-06 17:59:00,38000,38000,38000,38000,0,1701885599999,0,0,0,0,0
2023-12-06 18:00:00,38000,38000,38000,38000,0,1701885659999,0,0,0,0,0
2023-12-06 18:01:00,38000,38000,38000,38000,0,1701885719999,0,0,0,0,0
2023-12-06 18:02:00,38000,38000,38000,38000,0,1701885779999,0,0,0,0,0
2023-12-06 18:03:00,38000,38000,38000,38000,0,1701885839999,0,0,0,0,0
2023-12-06 18:04:00,38000,38000,38000,38000,0,1701885899999,0,0,0,0,0
2023-12-06 18:05:00,38000,38000,38000,38000,0,1701885959999,0,0,0,0,0
2023-12-06 18:06:00,38000,38000,38000,38000,0,1701886019999,0,0,0,0,0
2023-12-06 18:07:00,38000,38000,38000,38000,0,1701886079999,0,0,0,0,0
2023-12-06 18:08:00,38000,38000,38000,38000,0,1701886139999,0,0,0,0,0
2023-12-06 18:09:00,38000,38000,38000,38000,0,1701886199999,0,0,0,0,0
2023-12-06 18:10:00,38000,38000,38000,38000,0,1701886259999,0,0,0,0,0
2023-12-06 18:11:00,38000,38000,38000,38000,0,1701886319999,0,0,0,0,0
2023-12-06 18:12:00,38000,38000,38000,38000,0,1701886379999,0,0,0,0,0
2023-12-06 18:13:00,38000,38000,38000,38000,0,1701886439999,0,0,0,0,0
2023-12-06 18:14:00,38000,38000,38000,38000,0,1701886499999,0,0,0,0,0
2023-12-06 18:15:00,38000,38000,38000,38000,0,1701886559999,0,0,0,0,0
2023-12-06 18:16:00,38000,38000,38000,38000,0,1701886619999,0,0,0,0,0
2023-12-06 18:17:00,38000,38000,38000,38000,0,1701886679999,0,0,0,0,0
2023-12-06 18:18:00,38000,38000,38000,38000,0,1701886739999,0,0,0,0,0
2023-12-06 18:19:00,38000,38000,38000,38000,0,1701886799999,0,0,0,0,0
2023-12-06 18:20:00,38000,38000,38000,38000,0,1701886859999,0,0,0,0,0
2023-12-06 18:21:00,38000,38000,38000,38000,0,1701886919999,0,0,0,0,0
2023-12-06 18:22:00,38000,38000,38000,38000,0,1701886979999,0,0,0,0,0
2023-12-06 18:23:00,38000,38000,38000,38000,0,1701887039999,0,0,0,0,0
2023-12-06 18:24:00,38000,38000,38000,38000,0,1701887099999,0,0,0,0,0
2023-12-06 18:25:00,38000,38000,38000,38000,0,1701887159999,0,0,0,0,0
2023-12-06 18:26:00,38000,38000,38000,38000,0,1701887219999,0,0,0,0,0
2023-12-06 18:27:00,38000,38000,38000,38000,0,1701887279999,0,0,0,0,0
2023-12-06 18:28:00,38000,38000,38000,38000,0,1701887339999,0,0,0,0,0
2023-12-06 18:29:00,38000,38000,38000,38000,0,1701887399999,0,0,0,0,0
2023-12-06 18:30:00,38000,38000,38000,38000,0,1701887459999,0,0,0,0,0
2023-12-06 18:31:00,38000,38000,38000,38000,0,1701887519999,0,0,0,0,0
2023-12-06 18:32:00,38000,38000,38000,38000,0,1701887579999,0,0,0,0,0
2023-12-06 18:33:00,38000,38000,38000,38000,0,1701887639999,0,0,0,0,0
2023-12-06 18:34:00,38000,38000,38000,38000,0,1701887699999,0,0,0,0,0
2023-12-06 18:35:00,38000,38000,38000,38000,0,1701887759999,0,0,0,0,0
2023-12-06 18:36:00,38000,38000,38000,38000,0,1701887819999,0,0,0,0,0
2023-12-06 18:37:00,38000,38000,38000,38000,0,1701887879999,0,0,0,0,0
2023-12-06 18:38:00,38000,38000,38000,38000,0,1701887939999,0,0,0,0,0
2023-12-06 18:39:00,38000,38000,38000,38000,0,1701887999999,0,0,0,0,0
2023-12-06 18:40:00,38000,38000,38000,38000,0,1701888059999,0,0,0,0,0
2023-12-06 18:41:00,38000,38000,38000,38000,0,1701888119999,0,0,0,0,0
2023-12-06 18:42:00,38000,38000,38000,38000,0,1701888179999,0,0,0,0,0
2023-12-06 18:43:00,38000,38000,38000,38000,0,1701888239999,0,0,0,0,0
2023-12-06 18:44:00,38000,38000,38000,38000,0,1701888299999,0,0,0,0,0
2023-12-06 18:45:00,38000,38000,38000,38000,0,1701888359999,0,0,0,0,0
2023-12-06 18:46:00,38000,38000,38000,38000,0,1701888419999,0,0,0,0,0
2023-12-06 18:47:00,38000,38000,38000,38000,0,1701888479999,0,0,0,0,0
2023-12-06 18:48:00,38000,38000,38000,38000,0,1701888539999,0,0,0,0,0
2023-12-06 18:49:00,38000,38000,38000,38000,0,1701888599999,0,0,0,0,0
2023-12-06 18:50:00,38000,38000,38000,38000,0,1701888659999,0,0,0,0,0
2023-12-06 18:51:00,38000,38000,38000,38000,0,1701888719999,0,0,0,0,0
2023-12-06 18:52:00,38000,38000,38000,38000,0,1701888779999,0,0,0,0,0
2023-12-06 18:53:00,38000,38000,38000,38000,0,1701888839999,0,0,0,0,0
2023-12-06 18:54:00,38000,38000,38000,38000,0,1701888899999,0,0,0,0,0
2023-12-06 18:55:00,38000,38000,38000,38000,0,1701888959999,0,0,0,0,0
2023-12-06 18:56:00,38000,38000,38000,38000,0,1701889019999,0,0,0,0,0
2023-12-06 18:57:00,38000,38000,38000,38000,0,1701889079999,0,0,0,0,0
2023-12-06 18:58:00,38000,38000,38000,38000,0,1701889139999,0,0,0,0,0
2023-12-06 18:59:00,38000,38000,38000,38000,0,1701889199999,0,0,0,0,0
2023-12-06 19:00:00,38000,38000,38000,38000,0,1701889259999,0,0,0,0,0
2023-12-06 19:01:00,38000,38000,38000,38000,0,1701889319999,0,0,0,0,0
2023-12-06 19:02:00,38000,38000,38000,38000,0,1701889379999,0,0,0,0,0
2023-12-06 19:03:00,38000,38000,38000,38000,0,1701889439999,0,0,0,0,0
2023-12-06 19:04:00,38000,38000,38000,38000,0,1701889499999,0,0,0,0,0
2023-12-06 19:05:00,38000,38000,38000,38000,0,1701889559999,0,0,0,0,0
2023-12-06 19:06:00,38000,38000,38000,38000,0,1701889619999,0,0,0,0,0
2023-12-06 19:07:00,38000,38000,38000,38000,0,1701889679999,0,0,0,0,0
2023-12-06 19:08:00,38000,38000,38000,38000,0,1701889739999,0,0,0,0,0
2023-12-06 19:09:00,38000,38000,38000,38000,0,1701889799999,0,0,0,0,0
2023-12-06 19:10:00,38000,38000,38000,38000,0,1701889859999,0,0,0,0,0
2023-12-06 19:11:00,38000,38000,38000,38000,0,1701889919999,0,0,0,0,0
2023-12-06 19:12:00,38000,38000,38000,38000,0,1701889979999,0,0,0,0,0
2023-12-06 19:13:00,38000,38000,38000,38000,0,1701890039999,0,0,0,0,0
2023-12-06 19:14:00,38000,38000,38000,38000,0,1701890099999,0,0,0,0,0
2023-12-06 19:15:00,38000,38000,38000,38000,0,1701890159999,0,0,0,0,0
2023-12-06 19:16:00,38000,38000,38000,38000,0,1701890219999,0,0,0,0,0
2023-12-06 19:17:00,38000,38000,38000,38000,0,1701890279999,0,0,0,0,0
2023-12-06 19:18:00,38000,38000,38000,38000,0,1701890339999,0,0,0,0,0
2023-12-06 19:19:00,38000,38000,38000,38000,0,1701890399999,0,0,0,0,0
2023-12-06 19:20:00,38000,38000,38000,38000,0,1701890459999,0,0,0,0,0
2023-12-06 19:21:00,38000,38000,38000,38000,0,1701890519999,0,0,0,0,0
2023-12-06 19:22:00,38000,38000,38000,38000,0,1701890579999,0,0,0,0,0
2023-12-06 19:23:00,38000,38000,38000,38000,0,1701890639999,0,0,0,0,0
2023-12-06 19:24:00,38000,38000,38000,38000,0,1701890699999,0,0,0,0,0
2023-12-06 19:25:00,38000,38000,38000,38000,0,1701890759999,0,0,0,0,0
2023-12-06 19:26:00,38000,38000,38000,38000,0,1701890819999,0,0,0,0,0
2023-12-06 19:27:00,38000,38000,38000,38000,0,1701890879999,0,0,0,0,0
2023-12-06 19:28:00,38000,38000,38000,38000,0,1701890939999,0,0,0,0,0
2023-12-06 19:29:00,38000,38000,38000,38000,0,1701890999999,0,0,0,0,0
2023-12-06 19:30:00,38000,38000,38000,38000,0,1701891059999,0,0,0,0,0
2023-12-06 19:31:00,38000,38000,38000,38000,0,1701891119999,0,0,0,0,0
2023-12-06 19:32:00,38000,38000,38000,38000,0,1701891179999,0,0,0,0,0
2023-12-06 19:33:00,38000,38000,38000,38000,0,1701891239999,0,0,0,0,0
2023-12-06 19:34:00,38000,38000,38000,38000,0,1701891299999,0,0,0,0,0
2023-12-06 19:35:00,38000,38000,38000,38000,0,1701891359999,0,0,0,0,0
2023-12-06 19:36:00,38000,38000,38000,38000,0,1701891419999,0,0,0,0,0
2023-12-06 19:37:00,38000,38000,38000,38000,0,1701891479999,0,0,0,0,0
2023-12-06 19:38:00,38000,38000,38000,38000,0,1701891539999,0,0,0,0,0
2023-12-06 19:39:00,38000,38000,38000,38000,0,1701891599999,0,0,0,0,0
2023-12-06 19:40:00,38000,38000,38000,38000,0,1701891659999,0,0,0,0,0
2023-12-06 19:41:00,38000,38000,38000,38000,0,1701891719999,0,0,0,0,0
2023-12-06 19:42:00,38000,38000,38000,38000,0,1701891779999,0,0,0,0,0
2023-12-06 19:43:00,38000,38000,38000,38000,0,1701891839999,0,0,0,0,0
2023-12-06 19:44:00,38000,38000,38000,38000,0,1701891899999,0,0,0,0,0
2023-12-06 19:45:00,38000,38000,38000,38000,0,1701891959999,0,0,0,0,0
2023-12-06 19:46:00,38000,38000,38000,38000,0,1701892019999,0,0,0,0,0
2023-12-06 19:47:00,38000,38000,38000,38000,0,1701892079999,0,0,0,0,0
2023-12-06 19:48:00,38000,38000,38000,38000,0,1701892139999,0,0,0,0,0
2023-12-06 19:49:00,38000,38000,38000,38000,0,1701892199999,0,0,0,0,0
2023-12-06 19:50:00,38000,38000,38000,38000,0,1701892259999,0,0,0,0,0
2023-12-06 19:51:00,38000,38000,38000,38000,0,1701892319999,0,0,0,0,0
2023-12-06 19:52:00,38000,38000,38000,38000,0,1701892379999,0,0,0,0,0
2023-12-06 19:53:00,38000,38000,38000,38000,0,1701892439999,0,0,0,0,0
2023-12-06 19:54:00,38000,38000,38000,38000,0,1701892499999,0,0,0,0,0
2023-12-06 19:55:00,38000,38000,38000,38000,0,1701892559999,0,0,0,0,0
2023-12-06 19:56:00,38000,38000,38000,38000,0,1701892619999,0,0,0,0,0
2023-12-06 19:57:00,38000,38000,38000,38000,0,1701892679999,0,0,0,0,0
2023-12-06 19:58:00,38000,38000,38000,38000,0,1701892739999,0,0,0,0,0
2023-12-06 19:59:00,38000,38000,38000,38000,0,1701892799999,0,0,0,0,0
2023-12-06 20:00:00,38000,38000,38000,38000,0,1701892859999,0,0,0,0,0
2023-12-06 20:01:00,38000,38000,38000,38000,0,1701892919999,0,0,0,0,0
2023-12-06 20:02:00,38000,38000,38000,38000,0,1701892979999,0,0,0,0,0
2023-12-06 20:03:00,38000,38000,38000,38000,0,1701893039999,0,0,0,0,0
2023-12-06 20:04:00,38000,38000,38000,38000,0,1701893099999,0,0,0,0,0
2023-12-06 20:05:00,38000,38000,38000,38000,0,1701893159999,0,0,0,0,0
2023-12-06 20:06:00,38000,38000,38000,38000,0,1701893219999,0,0,0,0,0
2023-12-06 20:07:00,38000,38000,38000,38000,0,1701893279999,0,0,0,0,0
2023-12-06 20:08:00,38000,38000,38000,38000,0,1701893339999,0,0,0,0,0
2023-12-06 20:09:00,38000,38000,38000,38000,0,1701893399999,0,0,0,0,0
2023-12-06 20:10:00,38000,38000,38000,38000,0,1701893459999,0,0,0,0,0
2023-12-06 20:11:00,38000,38000,38000,38000,0,1701893519999,0,0,0,0,0
2023-12-06 20:12:00,38000,38000,38000,38000,0,1701893579999,0,0,0,0,0
2023-12-06 20:13:00,38000,38000,38000,38000,0,1701893639999,0,0,0,0,0
2023-12-06 20:14:00,38000,38000,38000,38000,0,1701893699999,0,0,0,0,0
2023-12-06 20:15:00,38000,38000,38000,38000,0,1701893759999,0,0,0,0,0
2023-12-06 20:16:00,38000,38000,38000,38000,0,1701893819999,0,0,0,0,0
2023-12-06 20:17:00,38000,38000,38000,38000,0,1701893879999,0,0,0,0,0
2023-12-06 20:18:00,38000,38000,38000,38000,0,1701893939999,0,0,0,0,0
2023-12-06 20:19:00,38000,38000,38000,38000,0,1701893999999,0,0,0,0,0
2023-12-06 20:20:00,38000,38000,38000,38000,0,1701894059999,0,0,0,0,0
2023-12-06 20:21:00,38000,38000,38000,38000,0,1701894119999,0,0,0,0,0
2023-12-06 20:22:00,38000,38000,38000,38000,0,1701894179999,0,0,0,0,0
2023-12-06 20:23:00,38000,38000,38000,38000,0,1701894239999,0,0,0,0,0
2023-12-06 20:24:00,38000,38000,38000,38000,0,1701894299999,0,0,0,0,0
2023-12-06 20:25:00,38000,38000,38000,38000,0,1701894359999,0,0,0,0,0
2023-12-06 20:26:00,38000,38000,38000,38000,0,1701894419999,0,0,0,0,0
2023-12-06 20:27:00,38000,38000,38000,38000,0,1701894479999,0,0,0,0,0
2023-12-06 20:28:00,38000,38000,38000,38000,0,1701894539999,0,0,0,0,0
2023-12-06 20:29:00,38000,38000,38000,38000,0,1701894599999,0,0,0,0,0
2023-12-06 20:30:00,38000,38000,38000,38000,0,1701894659999,0,0,0,0,0
2023-12-06 20:31:00,38000,38000,38000,38000,0,1701894719999,0,0,0,0,0
2023-12-06 20:32:00,38000,38000,38000,38000,0,1701894779999,0,0,0,0,0
2023-12-06 20:33:00,38000,38000,38000,38000,0,1701894839999,0,0,0,0,0
2023-12-06 20:34:00,38000,38000,38000,38000,0,1701894899999,0,0,0,0,0
2023-12-06 20:35:00,38000,38000,38000,38000,0,1701894959999,0,0,0,0,0
2023-12-06 20:36:00,38000,38000,38000,38000,0,1701895019999,0,0,0,0,0
2023-12-06 20:37:00,38000,38000,38000,38000,0,1701895079999,0,0,0,0,0
2023-12-06 20:38:00,38000,38000,38000,38000,0,1701895139999,0,0,0,0,0
2023-12-06 20:39:00,38000,38000,38000,38000,0,1701895199999,0,0,0,0,0
2023-12-06 20:40:00,38000,38000,38000,38000,0,1701895259999,0,0,0,0,0
2023-12-06 20:41:00,38000,38000,38000,38000,0,1701895319999,0,0,0,0,0
2023-12-06 20:42:00,38000,38000,38000,38000,0,1701895379999,0,0,0,0,0
2023-12-06 20:43:00,38000,38000,38000,38000,0,1701895439999,0,0,0,0,0
2023-12-06 20:44:00,38000,38000,38000,38000,0,1701895499999,0,0,0,0,0
2023-12-06 20:45:00,38000,38000,38000,38000,0,1701895559999,0,0,0,0,0
2023-12-06 20:46:00,38000,38000,38000,38000,0,1701895619999,0,0,0,0,0
2023-12-06 20:47:00,38000,38000,38000,38000,0,1701895679999,0,0,0,0,0
2023-12-06 20:48:00,38000,38000,38000,38000,0,1701895739999,0,0,0,0,0
2023-12-06 20:49:00,38000,38000,38000,38000,0,1701895799999,0,0,0,0,0
2023-12-06 20:50:00,38000,38000,38000,38000,0,1701895859999,0,0,0,0,0
2023-12-06 20:51:00,38000,38000,38000,38000,0,1701895919999,0,0,0,0,0
2023-12-06 20:52:00,38000,38000,38000,38000,0,1701895979999,0,0,0,0,0
2023-12-06 20:53:00,38000,38000,38000,38000,0,1701896039999,0,0,0,0,0
2023-12-06 20:54:00,38000,38000,38000,38000,0,1701896099999,0,0,0,0,0
2023-12-06 20:55:00,38000,38000,38000,38000,0,1701896159999,0,0,0,0,0
2023-12-06 20:56:00,38000,38000,38000,38000,0,1701896219999,0,0,0,0,0
2023-12-06 20:57:00,38000,38000,38000,38000,0,1701896279999,0,0,0,0,0
2023-12-06 20:58:00,38000,38000,38000,38000,0,1701896339999,0,0,0,0,0
2023-12-06 20:59:00,38000,38000,38000,38000,0,1701896399999,0,0,0,0,0
2023-12-06 21:00:00,38000,38000,38000,38000,0,1701896459999,0,0,0,0,0
2023-12-06 21:01:00,38000,38000,38000,38000,0,1701896519999,0,0,0,0,0
2023-12-06 21:02:00,38000,38000,38000,38000,0,1701896579999,0,0,0,0,0
2023-12-06 21:03:00,38000,38000,38000,38000,0,1701896639999,0,0,0,0,0
2023-12-06 21:04:00,38000,38000,38000,38000,0,1701896699999,0,0,0,0,0
2023-12-06 21:05:00,38000,38000,38000,38000,0,1701896759999,0,0,0,0,0
2023-12-06 21:06:00,38000,38000,38000,38000,0,1701896819999,0,0,0,0,0
2023-12-06 21:07:00,38000,38000,38000,38000,0,1701896879999,0,0,0,0,0
2023-12-06 21:08:00,38000,38000,38000,38000,0,1701896939999,0,0,0,0,0
2023-12-06 21:09:00,38000,38000,38000,38000,0,1701896999999,0,0,0,0,0
2023-12-06 21:10:00,38000,38000,38000,38000,0,1701897059999,0,0,0,0,0
2023-12-06 21:11:00,38000,38000,38000,38000,0,1701897119999,0,0,0,0,0
2023-12-06 21:12:00,38000,38000,38000,38000,0,1701897179999,0,0,0,0,0
2023-12-06 21:13:00,38000,38000,38000,38000,0,1701897239999,0,0,0,0,0
2023-12-06 21:14:00,38000,38000,38000,38000,0,1701897299999,0,0,0,0,0
2023-12-06 21:15:00,38000,38000,38000,38000,0,1701897359999,0,0,0,0,0
2023-12-06 21:16:00,38000,38000,38000,38000,0,1701897419999,0,0,0,0,0
2023-12-06 21:17:00,38000,38000,38000,38000,0,1701897479999,0,0,0,0,0
2023-12-06 21:18:00,38000,38000,38000,38000,0,1701897539999,0,0,0,0,0
2023-12-06 21:19:00,38000,38000,38000,38000,0,1701897599999,0,0,0,0,0
2023-12-06 21:20:00,38000,38000,38000,38000,0,1701897659999,0,0,0,0,0
2023-12-06 21:21:00,38000,38000,38000,38000,0,1701897719999,0,0,0,0,0
2023-12-06 21:22:00,38000,38000,38000,38000,0,1701897779999,0,0,0,0,0
2023-12-06 21:23:00,38000,38000,38000,38000,0,1701897839999,0,0,0,0,0
2023-12-06 21:24:00,38000,38000,38000,38000,0,1701897899999,0,0,0,0,0
2023-12-06 21:25:00,38000,38000,38000,38000,0,1701897959999,0,0,0,0,0
2023-12-06 21:26:00,38000,38000,38000,38000,0,1701898019999,0,0,0,0,0
2023-12-06 21:27:00,38000,38000,38000,38000,0,1701898079999,0,0,0,0,0
2023-12-06 21:28:00,38000,38000,38000,38000,0,1701898139999,0,0,0,0,0
2023-12-06 21:29:00,38000,38000,38000,38000,0,1701898199999,0,0,0,0,0
2023-12-06 21:30:00,38000,38000,38000,38000,0,1701898259999,0,0,0,0,0
2023-12-06 21:31:00,38000,38000,38000,38000,0,1701898319999,0,0,0,0,0
2023-12-06 21:32:00,38000,38000,38000,38000,0,1701898379999,0,0,0,0,0
2023-12-06 21:33:00,38000,38000,38000,38000,0,1701898439999,0,0,0,0,0
2023-12-06 21:34:00,38000,38000,38000,38000,0,1701898499999,0,0,0,0,0
2023-12-06 21:35:00,38000,38000,38000,38000,0,1701898559999,0,0,0,0,0
2023-12-06 21:36:00,38000,38000,38000,38000,0,1701898619999,0,0,0,0,0
2023-12-06 21:37:00,38000,38000,38000,38000,0,1701898679999,0,0,0,0,0
2023-12-06 21:38:00,38000,38000,38000,38000,0,1701898739999,0,0,0,0,0
2023-12-06 21:39:00,38000,38000,38000,38000,0,1701898799999,0,0,0,0,0
2023-12-06 21:40:00,38000,38000,38000,38000,0,1701898859999,0,0,0,0,0
2023-12-06 21:41:00,38000,38000,38000,38000,0,1701898919999,0,0,0,0,0
2023-12-06 21:42:00,38000,38000,38000,38000,0,1701898979999,0,0,0,0,0
2023-12-06 21:43:00,38000,38000,38000,38000,0,1701899039999,0,0,0,0,0
2023-12-06 21:44:00,38000,38000,38000,38000,0,1701899099999,0,0,0,0,0
2023-12-06 21:45:00,38000,38000,38000,38000,0,1701899159999,0,0,0,0,0
2023-12-06 21:46:00,38000,38000,38000,38000,0,1701899219999,0,0,0,0,0
2023-12-06 21:47:00,38000,38000,38000,38000,0,1701899279999,0,0,0,0,0
2023-12-06 21:48:00,38000,38000,38000,38000,0,1701899339999,0,0,0,0,0
2023-12-06 21:49:00,38000,38000,38000,38000,0,1701899399999,0,0,0,0,0
2023-12-06 21:50:00,38000,38000,38000,38000,0,1701899459999,0,0,0,0,0
2023-12-06 21:51:00,38000,38000,38000,38000,0,1701899519999,0,0,0,0,0
2023-12-06 21:52:00,38000,38000,38000,38000,0,1701899579999,0,0,0,0,0
2023-12-06 21:53:00,38000,38000,38000,38000,0,1701899639999,0,0,0,0,0
2023-12-06 21:54:00,38000,38000,38000,38000,0,1701899699999,0,0,0,0,0
2023-12-06 21:55:00,38000,38000,38000,38000,0,1701899759999,0,0,0,0,0
2023-12-06 21:56:00,38000,38000,38000,38000,0,1701899819999,0,0,0,0,0
2023-12-06 21:57:00,38000,38000,38000,38000,0,1701899879999,0,0,0,0,0
2023-12-06 21:58:00,38000,38000,38000,38000,0,1701899939999,0,0,0,0,0
2023-12-06 21:59:00,38000,38000,38000,38000,0,1701899999999,0,0,0,0,0
2023-12-06 22:00:00,38000,38000,38000,38000,0,1701900059999,0,0,0,0,0
2023-12-06 22:01:00,38000,38000,38000,38000,0,1701900119999,0,0,0,0,0
2023-12-06 22:02:00,38000,38000,38000,38000,0,1701900179999,0,0,0,0,0
2023-12-06 22:03:00,38000,38000,38000,38000,0,1701900239999,0,0,0,0,0
2023-12-06 22:04:00,38000,38000,38000,38000,0,1701900299999,0,0,0,0,0
2023-12-06 22:05:00,38000,38000,38000,38000,0,1701900359999,0,0,0,0,0
2023-12-06 22:06:00,38000,38000,38000,38000,0,1701900419999,0,0,0,0,0
2023-12-06 22:07:00,38000,38000,38000,38000,0,1701900479999,0,0,0,0,0
2023-12-06 22:08:00,38000,38000,38000,38000,0,1701900539999,0,0,0,0,0
2023-12-06 22:09:00,38000,38000,38000,38000,0,1701900599999,0,0,0,0,0
2023-12-06 22:10:00,38000,38000,38000,38000,0,1701900659999,0,0,0,0,0
2023-12-06 22:11:00,38000,38000,38000,38000,0,1701900719999,0,0,0,0,0
2023-12-06 22:12:00,38000,38000,38000,38000,0,1701900779999,0,0,0,0,0
2023-12-06 22:13:00,38000,38000,38000,38000,0,1701900839999,0,0,0,0,0
2023-12-06 22:14:00,38000,38000,38000,38000,0,1701900899999,0,0,0,0,0
2023-12-06 22:15:00,38000,38000,38000,38000,0,1701900959999,0,0,0,0,0
2023-12-06 22:16:00,38000,38000,38000,38000,0,1701901019999,0,0,0,0,0
2023-12-06 22:17:00,38000,38000,38000,38000,0,1701901079999,0,0,0,0,0
2023-12-06 22:18:00,38000,38000,38000,38000,0,1701901139999,0,0,0,0,0
2023-12-06 22:19:00,38000,38000,38000,38000,0,1701901199999,0,0,0,0,0
2023-12-06 22:20:00,38000,38000,38000,38000,0,1701901259999,0,0,0,0,0
2023-12-06 22:21:00,38000,38000,38000,38000,0,1701901319999,0,0,0,0,0
2023-12-06 22:22:00,38000,38000,38000,38000,0,1701901379999,0,0,0,0,0
2023-12-06 22:23:00,38000,38000,38000,38000,0,1701901439999,0,0,0,0,0
2023-12-06 22:24:00,38000,38000,38000,38000,0,1701901499999,0,0,0,0,0
2023-12-06 22:25:00,38000,38000,38000,38000,0,1701901559999,0,0,0,0,0
2023-12-06 22:26:00,38000,38000,38000,38000,0,1701901619999,0,0,0,0,0
2023-12-06 22:27:00,38000,38000,38000,38000,0,1701901679999,0,0,0,0,0
2023-12-06 22:28:00,38000,38000,38000,38000,0,1701901739999,0,0,0,0,0
2023-12-06 22:29:00,38000,38000,38000,38000,0,1701901799999,0,0,0,0,0
2023-12-06 22:30:00,38000,38000,38000,38000,0,1701901859999,0,0,0,0,0
2023-12-06 22:31:00,38000,38000,38000,38000,0,1701901919999,0,0,0,0,0
2023-12-06 22:32:00,38000,38000,38000,38000,0,1701901979999,0,0,0,0,0
2023-12-06 22:33:00,38000,38000,38000,38000,0,1701902039999,0,0,0,0,0
2023-12-06 22:34:00,38000,38000,38000,38000,0,1701902099999,0,0,0,0,0
2023-12-06 22:35:00,38000,38000,38000,38000,0,1701902159999,0,0,0,0,0
2023-12-06 22:36:00,38000,38000,38000,38000,0,1701902219999,0,0,0,0,0
2023-12-06 22:37:00,38000,38000,38000,38000,0,1701902279999,0,0,0,0,0
2023-12-06 22:38:00,38000,38000,38000,38000,0,1701902339999,0,0,0,0,0
2023-12-06 22:39:00,38000,38000,38000,38000,0,1701902399999,0,0,0,0,0
2023-12-06 22:40:00,38000,38000,38000,38000,0,1701902459999,0,0,0,0,0
2023-12-06 22:41:00,38000,38000,38000,38000,0,1701902519999,0,0,0,0,0
2023-12-06 22:42:00,38000,38000,38000,38000,0,1701902579999,0,0,0,0,0
2023-12-06 22:43:00,38000,38000,38000,38000,0,1701902639999,0,0,0,0,0
2023-12-06 22:44:00,38000,38000,38000,38000,0,1701902699999,0,0,0,0,0
2023-12-06 22:45:00,38000,38000,38000,38000,0,1701902759999,0,0,0,0,0
2023-12-06 22:46:00,38000,38000,38000,38000,0,1701902819999,0,0,0,0,0
2023-12-06 22:47:00,38000,38000,38000,38000,0,1701902879999,0,0,0,0,0
2023-12-06 22:48:00,38000,38000,38000,38000,0,1701902939999,0,0,0,0,0
2023-12-06 22:49:00,38000,38000,38000,38000,0,1701902999999,0,0,0,0,0
2023-12-06 22:50:00,38000,38000,38000,38000,0,1701903059999,0,0,0,0,0
2023-12-06 22:51:00,38000,38000,38000,38000,0,1701903119999,0,0,0,0,0
2023-12-06 22:52:00,38000,38000,38000,38000,0,1701903179999,0,0,0,0,0
2023-12-06 22:53:00,38000,38000,38000,38000,0,1701903239999,0,0,0,0,0
2023-12-06 22:54:00,38000,38000,38000,38000,0,1701903299999,0,0,0,0,0
2023-12-06 22:55:00,38000,38000,38000,38000,0,1701903359999,0,0,0,0,0
2023-12-06 22:56:00,38000,38000,38000,38000,0,1701903419999,0,0,0,0,0
2023-12-06 22:57:00,38000,38000,38000,38000,0,1701903479999,0,0,0,0,0
2023-12-06 22:58:00,38000,38000,38000,38000,0,1701903539999,0,0,0,0,0
2023-12-06 22:59:00,38000,38000,38000,38000,0,1701903599999,0,0,0,0,0
2023-12-06 23:00:00,38000,38000,38000,38000,0,1701903659999,0,0,0,0,0
2023-12-06 23:01:00,38000,38000,38000,38000,0,1701903719999,0,0,0,0,0
2023-12-06 23:02:00,38000,38000,38000,38000,0,1701903779999,0,0,0,0,0
2023-12-06 23:03:00,38000,38000,38000,38000,0,1701903839999,0,0,0,0,0
2023-12-06 23:04:00,38000,38000,38000,38000,0,1701903899999,0,0,0,0,0
2023-12-06 23:05:00,38000,38000,38000,38000,0,1701903959999,0,0,0,0,0
2023-12-06 23:06:00,38000,38000,38000,38000,0,1701904019999,0,0,0,0,0
2023-12-06 23:07:00,38000,38000,38000,38000,0,1701904079999,0,0,0,0,0
2023-12-06 23:08:00,38000,38000,38000,38000,0,1701904139999,0,0,0,0,0
2023-12-06 23:09:00,38000,38000,38000,38000,0,1701904199999,0,0,0,0,0
2023-12-06 23:10:00,38000,38000,38000,38000,0,1701904259999,0,0,0,0,0
2023-12-06 23:11:00,38000,38000,38000,38000,0,1701904319999,0,0,0,0,0
2023-12-06 23:12:00,38000,38000,38000,38000,0,1701904379999,0,0,0,0,0
2023-12-06 23:13:00,38000,38000,38000,38000,0,1701904439999,0,0,0,0,0
2023-12-06 23:14:00,38000,38000,38000,38000,0,1701904499999,0,0,0,0,0
2023-12-06 23:15:00,38000,38000,38000,38000,0,1701904559999,0,0,0,0,0
2023-12-06 23:16:00,38000,38000,38000,38000,0,1701904619999,0,0,0,0,0
2023-12-06 23:17:00,38000,38000,38000,38000,0,1701904679999,0,0,0,0,0
2023-12-06 23:18:00,38000,38000,38000,38000,0,1701904739999,0,0,0,0,0
2023-12-06 23:19:00,38000,38000,38000,38000,0,1701904799999,0,0,0,0,0
2023-12-06 23:20:00,38000,38000,38000,38000,0,1701904859999,0,0,0,0,0
2023-12-06 23:21:00,38000,38000,38000,38000,0,1701904919999,0,0,0,0,0
2023-12-06 23:22:00,38000,38000,38000,38000,0,1701904979999,0,0,0,0,0
2023-12-06 23:23:00,38000,38000,38000,38000,0,1701905039999,0,0,0,0,0
2023-12-06 23:24:00,38000,38000,38000,38000,0,1701905099999,0,0,0,0,0
2023-12-06 23:25:00,38000,38000,38000,38000,0,1701905159999,0,0,0,0,0
2023-12-06 23:26:00,38000,38000,38000,38000,0,1701905219999,0,0,0,0,0
2023-12-06 23:27:00,38000,38000,38000,38000,0,1701905279999,0,0,0,0,0
2023-12-06 23:28:00,38000,38000,38000,38000,0,1701905339999,0,0,0,0,0
2023-12-06 23:29:00,38000,38000,38000,38000,0,1701905399999,0,0,0,0,0
2023-12-06 23:30:00,38000,38000,38000,38000,0,1701905459999,0,0,0,0,0
2023-12-06 23:31:00,38000,38000,38000,38000,0,1701905519999,0,0,0,0,0
2023-12-06 23:32:00,38000,38000,38000,38000,0,1701905579999,0,0,0,0,0
2023-12-06 23:33:00,38000,38000,38000,38000,0,1701905639999,0,0,0,0,0
2023-12-06 23:34:00,38000,38000,38000,38000,0,1701905699999,0,0,0,0,0
2023-12-06 23:35:00,38000,38000,38000,38000,0,1701905759999,0,0,0,0,0
2023-12-06 23:36:00,38000,38000,38000,38000,0,1701905819999,0,0,0,0,0
2023-12-06 23:37:00,38000,38000,38000,38000,0,1701905879999,0,0,0,0,0
2023-12-06 23:38:00,38000,38000,38000,38000,0,1701905939999,0,0,0,0,0
2023-12-06 23:39:00,38000,38000,38000,38000,0,1701905999999,0,0,0,0,0
2023-12-06 23:40:00,38000,38000,38000,38000,0,1701906059999,0,0,0,0,0
2023-12-06 23:41:00,38000,38000,38000,38000,0,1701906119999,0,0,0,0,0
2023-12-06 23:42:00,38000,38000,38000,38000,0,1701906179999,0,0,0,0,0
2023-12-06 23:43:00,38000,38000,38000,38000,0,1701906239999,0,0,0,0,0
2023-12-06 23:44:00,38000,38000,38000,38000,0,1701906299999,0,0,0,0,0
2023-12-06 23:45:00,38000,38000,38000,38000,0,1701906359999,0,0,0,0,0
2023-12-06 23:46:00,38000,38000,38000,38000,0,1701906419999,0,0,0,0,0
2023-12-06 23:47:00,38000,38000,38000,38000,0,1701906479999,0,0,0,0,0
2023-12-06 23:48:00,38000,38000,38000,38000,0,1701906539999,0,0,0,0,0
2023-12-06 23:49:00,38000,38000,38000,38000,0,1701906599999,0,0,0,0,0
2023-12-06 23:50:00,38000,38000,38000,38000,0,1701906659999,0,0,0,0,0
2023-12-06 23:51:00,38000,38000,38000,38000,0,1701906719999,0,0,0,0,0
2023-12-06 23:52:00,38000,38000,38000,38000,0,1701906779999,0,0,0,0,0
2023-12-06 23:53:00,38000,38000,38000,38000,0,1701906839999,0,0,0,0,0
2023-12-06 23:54:00,38000,38000,38000,38000,0,1701906899999,0,0,0,0,0
2023-12-06 23:55:00,38000,38000,38000,38000,0,1701906959999,0,0,0,0,0
2023-12-06 23:56:00,38000,38000,38000,38000,0,1701907019999,0,0,0,0,0
2023-12-06 23:57:00,38000,38000,38000,38000,0,1701907079999,0,0,0,0,0
2023-12-06 23:58:00,38000,38000,38000,38000,0,1701907139999,0,0,0,0,0
2023-12-06 23:59:00,38000,38000,38000,38000,0,1701907199999,0,0,0,0,0
2023-12-07 00:00:00,38000,38000,38000,38000,0,1701907259999,0,0,0,0,0
2023-12-07 00:01:00,38000,38000,38000,38000,0,1701907319999,0,0,0,0,0
2023-12-07 00:02:00,38000,38000,38000,38000,0,1701907379999,0,0,0,0,0
2023-12-07 00:03:00,38000,38000,38000,38000,0,1701907439999,0,0,0,0,0
2023-12-07 00:04:00,38000,38000,38000,38000,0,1701907499999,0,0,0,0,0
2023-12-07 00:05:00,38000,38000,38000,38000,0,1701907559999,0,0,0,0,0
2023-12-07 00:06:00,38000,38000,38000,38000,0,1701907619999,0,0,0,0,0
2023-12-07 00:07:00,38000,38000,38000,38000,0,1701907679999,0,0,0,0,0
2023-12-07 00:08:00,38000,38000,38000,38000,0,1701907739999,0,0,0,0,0
2023-12-07 00:09:00,38000,38000,38000,38000,0,1701907799999,0,0,0,0,0
2023-12-07 00:10:00,38000,38000,38000,38000,0,1701907859999,0,0,0,0,0
2023-12-07 00:11:00,38000,38000,38000,38000,0,1701907919999,0,0,0,0,0
2023-12-07 00:12:00,38000,38000,38000,38000,0,1701907979999,0,0,0,0,0
2023-12-07 00:13:00,38000,38000,38000,38000,0,1701908039999,0,0,0,0,0
2023-12-07 00:14:00,38000,38000,38000,38000,0,1701908099999,0,0,0,0,0
2023-12-07 00:15:00,38000,38000,38000,38000,0,1701908159999,0,0,0,0,0
2023-12-07 00:16:00,38000,38000,38000,38000,0,1701908219999,0,0,0,0,0
2023-12-07 00:17:00,38000,38000,38000,38000,0,1701908279999,0,0,0,0,0
2023-12-07 00:18:00,38000,38000,38000,38000,0,1701908339999,0,0,0,0,0
2023-12-07 00:19:00,38000,38000,38000,38000,0,1701908399999,0,0,0,0,0
2023-12-07 00:20:00,38000,38000,38000,38000,0,1701908459999,0,0,0,0,0
2023-12-07 00:21:00,38000,38000,38000,38000,0,1701908519999,0,0,0,0,0
2023-12-07 00:22:00,38000,38000,38000,38000,0,1701908579999,0,0,0,0,0
2023-12-07 00:23:00,38000,38000,38000,38000,0,1701908639999,0,0,0,0,0
2023-12-07 00:24:00,38000,38000,38000,38000,0,1701908699999,0,0,0,0,0
2023-12-07 00:25:00,38000,38000,38000,38000,0,1701908759999,0,0,0,0,0
2023-12-07 00:26:00,38000,38000,38000,38000,0,1701908819999,0,0,0,0,0
2023-12-07 00:27:00,38000,38000,38000,38000,0,1701908879999,0,0,0,0,0
2023-12-07 00:28:00,38000,38000,38000,38000,0,1701908939999,0,0,0,0,0
2023-12-07 00:29:00,38000,38000,38000,38000,0,1701908999999,0,0,0,0,0
2023-12-07 00:30:00,38000,38000,38000,38000,0,1701909059999,0,0,0,0,0
2023-12-07 00:31:00,38000,38000,38000,38000,0,1701909119999,0,0,0,0,0
2023-12-07 00:32:00,38000,38000,38000,38000,0,1701909179999,0,0,0,0,0
2023-12-07 00:33:00,38000,38000,38000,38000,0,1701909239999,0,0,0,0,0
2023-12-07 00:34:00,38000,38000,38000,38000,0,1701909299999,0,0,0,0,0
2023-12-07 00:35:00,38000,38000,38000,38000,0,1701909359999,0,0,0,0,0
2023-12-07 00:36:00,38000,38000,38000,38000,0,1701909419999,0,0,0,0,0
2023-12-07 00:37:00,38000,38000,38000,38000,0,1701909479999,0,0,0,0,0
2023-12-07 00:38:00,38000,38000,38000,38000,0,1701909539999,0,0,0,0,0
2023-12-07 00:39:00,38000,38000,38000,38000,0,1701909599999,0,0,0,0,0
2023-12-07 00:40:00,38000,38000,38000,38000,0,1701909659999,0,0,0,0,0
2023-12-07 00:41:00,38000,38000,38000,38000,0,1701909719999,0,0,0,0,0
2023-12-07 00:42:00,38000,38000,38000,38000,0,1701909779999,0,0,0,0,0
2023-12-07 00:43:00,38000,38000,38000,38000,0,1701909839999,0,0,0,0,0
2023-12-07 00:44:00,38000,38000,38000,38000,0,1701909899999,0,0,0,0,0
2023-12-07 00:45:00,38000,38000,38000,38000,0,1701909959999,0,0,0,0,0
2023-12-07 00:46:00,38000,38000,38000,38000,0,1701910019999,0,0,0,0,0
2023-12-07 00:47:00,38000,38000,38000,38000,0,1701910079999,0,0,0,0,0
2023-12-07 00:48:00,38000,38000,38000,38000,0,1701910139999,0,0,0,0,0
2023-12-07 00:49:00,38000,38000,38000,38000,0,1701910199999,0,0,0,0,0
2023-12-07 00:50:00,38000,38000,38000,38000,0,1701910259999,0,0,0,0,0
2023-12-07 00:51:00,38000,38000,38000,38000,0,1701910319999,0,0,0,0,0
2023-12-07 00:52:00,38000,38000,38000,38000,0,1701910379999,0,0,0,0,0
2023-12-07 00:53:00,38000,38000,38000,38000,0,1701910439999,0,0,0,0,0
2023-12-07 00:54:00,38000,38000,38000,38000,0,1701910499999,0,0,0,0,0
2023-12-07 00:55:00,38000,38000,38000,38000,0,1701910559999,0,0,0,0,0
2023-12-07 00:56:00,38000,38000,38000,38000,0,1701910619999,0,0,0,0,0
2023-12-07 00:57:00,38000,38000,38000,38000,0,1701910679999,0,0,0,0,0
2023-12-07 00:58:00,38000,38000,38000,38000,0,1701910739999,0,0,0,0,0
2023-12-07 00:59:00,38000,38000,38000,38000,0,1701910799999,0,0,0,0,0
2023-12-07 01:00:00,38000,38000,38000,38000,0,1701910859999,0,0,0,0,0
2023-12-07 01:01:00,38000,38000,38000,38000,0,1701910919999,0,0,0,0,0
2023-12-07 01:02:00,38000,38000,38000,38000,0,1701910979999,0,0,0,0,0
2023-12-07 01:03:00,38000,38000,38000,38000,0,1701911039999,0,0,0,0,0
2023-12-07 01:04:00,38000,38000,38000,38000,0,1701911099999,0,0,0,0,0
2023-12-07 01:05:00,38000,38000,38000,38000,0,1701911159999,0,0,0,0,0
2023-12-07 01:06:00,38000,38000,38000,38000,0,1701911219999,0,0,0,0,0
2023-12-07 01:07:00,38000,38000,38000,38000,0,1701911279999,0,0,0,0,0
2023-12-07 01:08:00,38000,38000,38000,38000,0,1701911339999,0,0,0,0,0
2023-12-07 01:09:00,38000,38000,38000,38000,0,1701911399999,0,0,0,0,0
2023-12-07 01:10:00,38000,38000,38000,38000,0,1701911459999,0,0,0,0,0
2023-12-07 01:11:00,38000,38000,38000,38000,0,1701911519999,0,0,0,0,0
2023-12-07 01:12:00,38000,38000,38000,38000,0,1701911579999,0,0,0,0,0
2023-12-07 01:13:00,38000,38000,38000,38000,0,1701911639999,0,0,0,0,0
2023-12-07 01:14:00,38000,38000,38000,38000,0,1701911699999,0,0,0,0,0
2023-12-07 01:15:00,38000,38000,38000,38000,0,1701911759999,0,0,0,0,0
2023-12-07 01:16:00,38000,38000,38000,38000,0,1701911819999,0,0,0,0,0
2023-12-07 01:17:00,38000,38000,38000,38000,0,1701911879999,0,0,0,0,0
2023-12-07 01:18:00,38000,38000,38000,38000,0,1701911939999,0,0,0,0,0
2023-12-07 01:19:00,38000,38000,38000,38000,0,1701911999999,0,0,0,0,0
2023-12-07 01:20:00,38000,38000,38000,38000,0,1701912059999,0,0,0,0,0
2023-12-07 01:21:00,38000,38000,38000,38000,0,1701912119999,0,0,0,0,0
2023-12-07 01:22:00,38000,38000,38000,38000,0,1701912179999,0,0,0,0,0
2023-12-07 01:23:00,38000,38000,38000,38000,0,1701912239999,0,0,0,0,0
2023-12-07 01:24:00,38000,38000,38000,38000,0,1701912299999,0,0,0,0,0
2023-12-07 01:25:00,38000,38000,38000,38000,0,1701912359999,0,0,0,0,0
2023-12-07 01:26:00,38000,38000,38000,38000,0,1701912419999,0,0,0,0,0
2023-12-07 01:27:00,38000,38000,38000,38000,0,1701912479999,0,0,0,0,0
2023-12-07 01:28:00,38000,38000,38000,38000,0,1701912539999,0,0,0,0,0
2023-12-07 01:29:00,38000,38000,38000,38000,0,1701912599999,0,0,0,0,0
2023-12-07 01:30:00,38000,38000,38000,38000,0,1701912659999,0,0,0,0,0
2023-12-07 01:31:00,38000,38000,38000,38000,0,1701912719999,0,0,0,0,0
2023-12-07 01:32:00,38000,38000,38000,38000,0,1701912779999,0,0,0,0,0
2023-12-07 01:33:00,38000,38000,38000,38000,0,1701912839999,0,0,0,0,0
2023-12-07 01:34:00,38000,38000,38000,38000,0,1701912899999,0,0,0,0,0
2023-12-07 01:35:00,38000,38000,38000,38000,0,1701912959999,0,0,0,0,0
2023-12-07 01:36:00,38000,38000,38000,38000,0,1701913019999,0,0,0,0,0
2023-12-07 01:37:00,38000,38000,38000,38000,0,1701913079999,0,0,0,0,0
2023-12-07 01:38:00,38000,38000,38000,38000,0,1701913139999,0,0,0,0,0
2023-12-07 01:39:00,38000,38000,38000,38000,0,1701913199999,0,0,0,0,0
2023-12-07 01:40:00,38000,38000,38000,38000,0,1701913259999,0,0,0,0,0
2023-12-07 01:41:00,38000,38000,38000,38000,0,1701913319999,0,0,0,0,0
2023-12-07 01:42:00,38000,38000,38000,38000,0,1701913379999,0,0,0,0,0
2023-12-07 01:43:00,38000,38000,38000,38000,0,1701913439999,0,0,0,0,0
2023-12-07 01:44:00,38000,38000,38000,38000,0,1701913499999,0,0,0,0,0
2023-12-07 01:45:00,38000,38000,38000,38000,0,1701913559999,0,0,0,0,0
2023-12-07 01:46:00,38000,38000,38000,38000,0,1701913619999,0,0,0,0,0
2023-12-07 01:47:00,38000,38000,38000,38000,0,1701913679999,0,0,0,0,0
2023-12-07 01:48:00,38000,38000,38000,38000,0,1701913739999,0,0,0,0,0
2023-12-07 01:49:00,38000,38000,38000,38000,0,1701913799999,0,0,0,0,0
2023-12-07 01:50:00,38000,38000,38000,38000,0,1701913859999,0,0,0,0,0
2023-12-07 01:51:00,38000,38000,38000,38000,0,1701913919999,0,0,0,0,0
2023-12-07 01:52:00,38000,38000,38000,38000,0,1701913979999,0,0,0,0,0
2023-12-07 01:53:00,38000,38000,38000,38000,0,1701914039999,0,0,0,0,0
2023-12-07 01:54:00,38000,38000,38000,38000,0,1701914099999,0,0,0,0,0
2023-12-07 01:55:00,38000,38000,38000,38000,0,1701914159999,0,0,0,0,0
2023-12-07 01:56:00,38000,38000,38000,38000,0,1701914219999,0,0,0,0,0
2023-12-07 01:57:00,38000,38000,38000,38000,0,1701914279999,0,0,0,0,0
2023-12-07 01:58:00,38000,38000,38000,38000,0,1701914339999,0,0,0,0,0
2023-12-07 01:59:00,38000,38000,38000,38000,0,1701914399999,0,0,0,0,0
2023-12-07 02:00:00,38000,38000,38000,38000,0,1701914459999,0,0,0,0,0
2023-12-07 02:01:00,38000,38000,38000,38000,0,1701914519999,0,0,0,0,0
2023-12-07 02:02:00,38000,38000,38000,38000,0,1701914579999,0,0,0,0,0
2023-12-07 02:03:00,38000,38000,38000,38000,0,1701914639999,0,0,0,0,0
2023-12-07 02:04:00,38000,38000,38000,38000,0,1701914699999,0,0,0,0,0
2023-12-07 02:05:00,38000,38000,38000,38000,0,1701914759999,0,0,0,0,0
2023-12-07 02:06:00,38000,38000,38000,38000,0,1701914819999,0,0,0,0,0
2023-12-07 02:07:00,38000,38000,38000,38000,0,1701914879999,0,0,0,0,0
2023-12-07 02:08:00,38000,38000,38000,38000,0,1701914939999,0,0,0,0,0
2023-12-07 02:09:00,38000,38000,38000,38000,0,1701914999999,0,0,0,0,0
2023-12-07 02:10:00,38000,38000,38000,38000,0,1701915059999,0,0,0,0,0
2023-12-07 02:11:00,38000,38000,38000,38000,0,1701915119999,0,0,0,0,0
2023-12-07 02:12:00,38000,38000,38000,38000,0,1701915179999,0,0,0,0,0
2023-12-07 02:13:00,38000,38000,38000,38000,0,1701915239999,0,0,0,0,0
2023-12-07 02:14:00,38000,38000,38000,38000,0,1701915299999,0,0,0,0,0
2023-12-07 02:15:00,38000,38000,38000,38000,0,1701915359999,0,0,0,0,0
2023-12-07 02:16:00,38000,38000,38000,38000,0,1701915419999,0,0,0,0,0
2023-12-07 02:17:00,38000,38000,38000,38000,0,1701915479999,0,0,0,0,0
2023-12-07 02:18:00,38000,38000,38000,38000,0,1701915539999,0,0,0,0,0
2023-12-07 02:19:00,38000,38000,38000,38000,0,1701915599999,0,0,0,0,0
2023-12-07 02:20:00,38000,38000,38000,38000,0,1701915659999,0,0,0,0,0
2023-12-07 02:21:00,38000,38000,38000,38000,0,1701915719999,0,0,0,0,0
2023-12-07 02:22:00,38000,38000,38000,38000,0,1701915779999,0,0,0,0,0
2023-12-07 02:23:00,38000,38000,38000,38000,0,1701915839999,0,0,0,0,0
2023-12-07 02:24:00,38000,38000,38000,38000,0,1701915899999,0,0,0,0,0
2023-12-07 02:25:00,38000,38000,38000,38000,0,1701915959999,0,0,0,0,0
2023-12-07 02:26:00,38000,38000,38000,38000,0,1701916019999,0,0,0,0,0
2023-12-07 02:27:00,38000,38000,38000,38000,0,1701916079999,0,0,0,0,0
2023-12-07 02:28:00,38000,38000,38000,38000,0,1701916139999,0,0,0,0,0
2023-12-07 02:29:00,38000,38000,38000,38000,0,1701916199999,0,0,0,0,0
2023-12-07 02:30:00,38000,38000,38000,38000,0,1701916259999,0,0,0,0,0
2023-12-07 02:31:00,38000,38000,38000,38000,0,1701916319999,0,0,0,0,0
2023-12-07 02:32:00,38000,38000,38000,38000,0,1701916379999,0,0,0,0,0
2023-12-07 02:33:00,38000,38000,38000,38000,0,1701916439999,0,0,0,0,0
2023-12-07 02:34:00,38000,38000,38000,38000,0,1701916499999,0,0,0,0,0
2023-12-07 02:35:00,38000,38000,38000,38000,0,1701916559999,0,0,0,0,0
2023-12-07 02:36:00,38000,38000,38000,38000,0,1701916619999,0,0,0,0,0
2023-12-07 02:37:00,38000,38000,38000,38000,0,1701916679999,0,0,0,0,0
2023-12-07 02:38:00,38000,38000,38000,38000,0,1701916739999,0,0,0,0,0
2023-12-07 02:39:00,38000,38000,38000,38000,0,1701916799999,0,0,0,0,0
2023-12-07 02:40:00,38000,38000,38000,38000,0,1701916859999,0,0,0,0,0
2023-12-07 02:41:00,38000,38000,38000,38000,0,1701916919999,0,0,0,0,0
2023-12-07 02:42:00,38000,38000,38000,38000,0,1701916979999,0,0,0,0,0
2023-12-07 02:43:00,38000,38000,38000,38000,0,1701917039999,0,0,0,0,0
2023-12-07 02:44:00,38000,38000,38000,38000,0,1701917099999,0,0,0,0,0
2023-12-07 02:45:00,38000,38000,38000,38000,0,1701917159999,0,0,0,0,0
2023-12-07 02:46:00,38000,38000,38000,38000,0,1701917219999,0,0,0,0,0
2023-12-07 02:47:00,38000,38000,38000,38000,0,1701917279999,0,0,0,0,0
2023-12-07 02:48:00,38000,38000,38000,38000,0,1701917339999,0,0,0,0,0
2023-12-07 02:49:00,38000,38000,38000,38000,0,1701917399999,0,0,0,0,0
2023-12-07 02:50:00,38000,38000,38000,38000,0,1701917459999,0,0,0,0,0
2023-12-07 02:51:00,38000,38000,38000,38000,0,1701917519999,0,0,0,0,0
2023-12-07 02:52:00,38000,38000,38000,38000,0,1701917579999,0,0,0,0,0
2023-12-07 02:53:00,38000,38000,38000,38000,0,1701917639999,0,0,0,0,0
2023-12-07 02:54:00,38000,38000,38000,38000,0,1701917699999,0,0,0,0,0
2023-12-07 02:55:00,38000,38000,38000,38000,0,1701917759999,0,0,0,0,0
2023-12-07 02:56:00,38000,38000,38000,38000,0,1701917819999,0,0,0,0,0
2023-12-07 02:57:00,38000,38000,38000,38000,0,1701917879999,0,0,0,0,0
2023-12-07 02:58:00,38000,38000,38000,38000,0,1701917939999,0,0,0,0,0
2023-12-07 02:59:00,38000,38000,38000,38000,0,1701917999999,0,0,0,0,0
2023-12-07 03:00:00,38000,38000,38000,38000,0,1701918059999,0,0,0,0,0
2023-12-07 03:01:00,38000,38000,38000,38000,0,1701918119999,0,0,0,0,0
2023-12-07 03:02:00,38000,38000,38000,38000,0,1701918179999,0,0,0,0,0
2023-12-07 03:03:00,38000,38000,38000,38000,0,1701918239999,0,0,0,0,0
2023-12-07 03:04:00,38000,38000,38000,38000,0,1701918299999,0,0,0,0,0
2023-12-07 03:05:00,38000,38000,38000,38000,0,1701918359999,0,0,0,0,0
2023-12-07 03:06:00,38000,38000,38000,38000,0,1701918419999,0,0,0,0,0
2023-12-07 03:07:00,38000,38000,38000,38000,0,1701918479999,0,0,0,0,0
2023-12-07 03:08:00,38000,38000,38000,38000,0,1701918539999,0,0,0,0,0
2023-12-07 03:09:00,38000,38000,38000,38000,0,1701918599999,0,0,0,0,0
2023-12-07 03:10:00,38000,38000,38000,38000,0,1701918659999,0,0,0,0,0
2023-12-07 03:11:00,38000,38000,38000,38000,0,1701918719999,0,0,0,0,0
2023-12-07 03:12:00,38000,38000,38000,38000,0,1701918779999,0,0,0,0,0
2023-12-07 03:13:00,38000,38000,38000,38000,0,1701918839999,0,0,0,0,0
2023-12-07 03:14:00,38000,38000,38000,38000,0,1701918899999,0,0,0,0,0
2023-12-07 03:15:00,38000,38000,38000,38000,0,1701918959999,0,0,0,0,0
2023-12-07 03:16:00,38000,38000,38000,38000,0,1701919019999,0,0,0,0,0
2023-12-07 03:17:00,38000,38000,38000,38000,0,1701919079999,0,0,0,0,0
2023-12-07 03:18:00,38000,38000,38000,38000,0,1701919139999,0,0,0,0,0
2023-12-07 03:19:00,38000,38000,38000,38000,0,1701919199999,0,0,0,0,0
2023-12-07 03:20:00,38000,38000,38000,38000,0,1701919259999,0,0,0,0,0
2023-12-07 03:21:00,38000,38000,38000,38000,0,1701919319999,0,0,0,0,0
2023-12-07 03:22:00,38000,38000,38000,38000,0,1701919379999,0,0,0,0,0
2023-12-07 03:23:00,38000,38000,38000,38000,0,1701919439999,0,0,0,0,0
2023-12-07 03:24:00,38000,38000,38000,38000,0,1701919499999,0,0,0,0,0
2023-12-07 03:25:00,38000,38000,38000,38000,0,1701919559999,0,0,0,0,0
2023-12-07 03:26:00,38000,38000,38000,38000,0,1701919619999,0,0,0,0,0
2023-12-07 03:27:00,38000,38000,38000,38000,0,1701919679999,0,0,0,0,0
2023-12-07 03:28:00,38000,38000,38000,38000,0,1701919739999,0,0,0,0,0
2023-12-07 03:29:00,38000,38000,38000,38000,0,1701919799999,0,0,0,0,0
2023-12-07 03:30:00,38000,38000,38000,38000,0,1701919859999,0,0,0,0,0
2023-12-07 03:31:00,38000,38000,38000,38000,0,1701919919999,0,0,0,0,0
2023-12-07 03:32:00,38000,38000,38000,38000,0,1701919979999,0,0,0,0,0
2023-12-07 03:33:00,38000,38000,38000,38000,0,1701920039999,0,0,0,0,0
2023-12-07 03:34:00,38000,38000,38000,38000,0,1701920099999,0,0,0,0,0
2023-12-07 03:35:00,38000,38000,38000,38000,0,1701920159999,0,0,0,0,0
2023-12-07 03:36:00,38000,38000,38000,38000,0,1701920219999,0,0,0,0,0
2023-12-07 03:37:00,38000,38000,38000,38000,0,1701920279999,0,0,0,0,0
2023-12-07 03:38:00,38000,38000,38000,38000,0,1701920339999,0,0,0,0,0
2023-12-07 03:39:00,38000,38000,38000,38000,0,1701920399999,0,0,0,0,0
2023-12-07 03:40:00,38000,38000,38000,38000,0,1701920459999,0,0,0,0,0
2023-12-07 03:41:00,38000,38000,38000,38000,0,1701920519999,0,0,0,0,0
2023-12-07 03:42:00,38000,38000,38000,38000,0,1701920579999,0,0,0,0,0
2023-12-07 03:43:00,38000,38000,38000,38000,0,1701920639999,0,0,0,0,0
2023-12-07 03:44:00,38000,38000,38000,38000,0,1701920699999,0,0,0,0,0
2023-12-07 03:45:00,38000,38000,38000,38000,0,1701920759999,0,0,0,0,0
2023-12-07 03:46:00,38000,38000,38000,38000,0,1701920819999,0,0,0,0,0
2023-12-07 03:47:00,38000,38000,38000,38000,0,1701920879999,0,0,0,0,0
2023-12-07 03:48:00,38000,38000,38000,38000,0,1701920939999,0,0,0,0,0
2023-12-07 03:49:00,38000,38000,38000,38000,0,1701920999999,0,0,0,0,0
2023-12-07 03:50:00,38000,38000,38000,38000,0,1701921059999,0,0,0,0,0
2023-12-07 03:51:00,38000,38000,38000,38000,0,1701921119999,0,0,0,0,0
2023-12-07 03:52:00,38000,38000,38000,38000,0,1701921179999,0,0,0,0,0
2023-12-07 03:53:00,38000,38000,38000,38000,0,1701921239999,0,0,0,0,0
2023-12-07 03:54:00,38000,38000,38000,38000,0,1701921299999,0,0,0,0,0
2023-12-07 03:55:00,38000,38000,38000,38000,0,1701921359999,0,0,0,0,0
2023-12-07 03:56:00,38000,38000,38000,38000,0,1701921419999,0,0,0,0,0
2023-12-07 03:57:00,38000,38000,38000,38000,0,1701921479999,0,0,0,0,0
2023-12-07 03:58:00,38000,38000,38000,38000,0,1701921539999,0,0,0,0,0
2023-12-07 03:59:00,38000,38000,38000,38000,0,1701921599999,0,0,0,0,0
2023-12-07 04:00:00,38000,38000,38000,38000,0,1701921659999,0,0,0,0,0
2023-12-07 04:01:00,38000,38000,38000,38000,0,1701921719999,0,0,0,0,0
2023-12-07 04:02:00,38000,38000,38000,38000,0,1701921779999,0,0,0,0,0
2023-12-07 04:03:00,38000,38000,38000,38000,0,1701921839999,0,0,0,0,0
2023-12-07 04:04:00,38000,38000,38000,38000,0,1701921899999,0,0,0,0,0
2023-12-07 04:05:00,38000,38000,38000,38000,0,1701921959999,0,0,0,0,0
2023-12-07 04:06:00,38000,38000,38000,38000,0,1701922019999,0,0,0,0,0
2023-12-07 04:07:00,38000,38000,38000,38000,0,1701922079999,0,0,0,0,0
2023-12-07 04:08:00,38000,38000,38000,38000,0,1701922139999,0,0,0,0,0
2023-12-07 04:09:00,38000,38000,38000,38000,0,1701922199999,0,0,0,0,0
2023-12-07 04:10:00,38000,38000,38000,38000,0,1701922259999,0,0,0,0,0
2023-12-07 04:11:00,38000,38000,38000,38000,0,1701922319999,0,0,0,0,0
2023-12-07 04:12:00,38000,38000,38000,38000,0,1701922379999,0,0,0,0,0
2023-12-07 04:13:00,38000,38000,38000,38000,0,1701922439999,0,0,0,0,0
2023-12-07 04:14:00,38000,38000,38000,38000,0,1701922499999,0,0,0,0,0
2023-12-07 04:15:00,38000,38000,38000,38000,0,1701922559999,0,0,0,0,0
2023-12-07 04:16:00,38000,38000,38000,38000,0,1701922619999,0,0,0,0,0
2023-12-07 04:17:00,38000,38000,38000,38000,0,1701922679999,0,0,0,0,0
2023-12-07 04:18:00,38000,38000,38000,38000,0,1701922739999,0,0,0,0,0
2023-12-07 04:19:00,38000,38000,38000,38000,0,1701922799999,0,0,0,0,0
2023-12-07 04:20:00,38000,38000,38000,38000,0,1701922859999,0,0,0,0,0
2023-12-07 04:21:00,38000,38000,38000,38000,0,1701922919999,0,0,0,0,0
2023-12-07 04:22:00,38000,38000,38000,38000,0,1701922979999,0,0,0,0,0
2023-12-07 04:23:00,38000,38000,38000,38000,0,1701923039999,0,0,0,0,0
2023-12-07 04:24:00,38000,38000,38000,38000,0,1701923099999,0,0,0,0,0
2023-12-07 04:25:00,38000,38000,38000,38000,0,1701923159999,0,0,0,0,0
2023-12-07 04:26:00,38000,38000,38000,38000,0,1701923219999,0,0,0,0,0
2023-12-07 04:27:00,38000,38000,38000,38000,0,1701923279999,0,0,0,0,0
2023-12-07 04:28:00,38000,38000,38000,38000,0,1701923339999,0,0,0,0,0
2023-12-07 04:29:00,38000,38000,38000,38000,0,1701923399999,0,0,0,0,0
2023-12-07 04:30:00,38000,38000,38000,38000,0,1701923459999,0,0,0,0,0
2023-12-07 04:31:00,38000,38000,38000,38000,0,1701923519999,0,0,0,0,0
2023-12-07 04:32:00,38000,38000,38000,38000,0,1701923579999,0,0,0,0,0
2023-12-07 04:33:00,38000,38000,38000,38000,0,1701923639999,0,0,0,0,0
2023-12-07 04:34:00,38000,38000,38000,38000,0,1701923699999,0,0,0,0,0
2023-12-07 04:35:00,38000,38000,38000,38000,0,1701923759999,0,0,0,0,0
2023-12-07 04:36:00,38000,38000,38000,38000,0,1701923819999,0,0,0,0,0
2023-12-07 04:37:00,38000,38000,38000,38000,0,1701923879999,0,0,0,0,0
2023-12-07 04:38:00,38000,38000,38000,38000,0,1701923939999,0,0,0,0,0
2023-12-07 04:39:00,38000,38000,38000,38000,0,1701923999999,0,0,0,0,0
2023-12-07 04:40:00,38000,38000,38000,38000,0,1701924059999,0,0,0,0,0
2023-12-07 04:41:00,38000,38000,38000,38000,0,1701924119999,0,0,0,0,0
2023-12-07 04:42:00,38000,38000,38000,38000,0,1701924179999,0,0,0,0,0
2023-12-07 04:43:00,38000,38000,38000,38000,0,1701924239999,0,0,0,0,0
2023-12-07 04:44:00,38000,38000,38000,38000,0,1701924299999,0,0,0,0,0
2023-12-07 04:45:00,38000,38000,38000,38000,0,1701924359999,0,0,0,0,0
2023-12-07 04:46:00,38000,38000,38000,38000,0,1701924419999,0,0,0,0,0
2023-12-07 04:47:00,38000,38000,38000,38000,0,1701924479999,0,0,0,0,0
2023-12-07 04:48:00,38000,38000,38000,38000,0,1701924539999,0,0,0,0,0
2023-12-07 04:49:00,38000,38000,38000,38000,0,1701924599999,0,0,0,0,0
2023-12-07 04:50:00,38000,38000,38000,38000,0,1701924659999,0,0,0,0,0
2023-12-07 04:51:00,38000,38000,38000,38000,0,1701924719999,0,0,0,0,0
2023-12-07 04:52:00,38000,38000,38000,38000,0,1701924779999,0,0,0,0,0
2023-12-07 04:53:00,38000,38000,38000,38000,0,1701924839999,0,0,0,0,0
2023-12-07 04:54:00,38000,38000,38000,38000,0,1701924899999,0,0,0,0,0
2023-12-07 04:55:00,38000,38000,38000,38000,0,1701924959999,0,0,0,0,0
2023-12-07 04:56:00,38000,38000,38000,38000,0,1701925019999,0,0,0,0,0
2023-12-07 04:57:00,38000,38000,38000,38000,0,1701925079999,0,0,0,0,0
2023-12-07 04:58:00,38000,38000,38000,38000,0,1701925139999,0,0,0,0,0
2023-12-07 04:59:00,38000,38000,38000,38000,0,1701925199999,0,0,0,0,0
2023-12-07 05:00:00,38000,38000,38000,38000,0,1701925259999,0,0,0,0,0
2023-12-07 05:01:00,38000,38000,38000,38000,0,1701925319999,0,0,0,0,0
2023-12-07 05:02:00,38000,38000,38000,38000,0,1701925379999,0,0,0,0,0
2023-12-07 05:03:00,38000,38000,38000,38000,0,1701925439999,0,0,0,0,0
2023-12-07 05:04:00,38000,38000,38000,38000,0,1701925499999,0,0,0,0,0
2023-12-07 05:05:00,38000,38000,38000,38000,0,1701925559999,0,0,0,0,0
2023-12-07 05:06:00,38000,38000,38000,38000,0,1701925619999,0,0,0,0,0
2023-12-07 05:07:00,38000,38000,38000,38000,0,1701925679999,0,0,0,0,0
2023-12-07 05:08:00,38000,38000,38000,38000,0,1701925739999,0,0,0,0,0
2023-12-07 05:09:00,38000,38000,38000,38000,0,1701925799999,0,0,0,0,0
2023-12-07 05:10:00,38000,38000,38000,38000,0,1701925859999,0,0,0,0,0
2023-12-07 05:11:00,38000,38000,38000,38000,0,1701925919999,0,0,0,0,0
2023-12-07 05:12:00,38000,38000,38000,38000,0,1701925979999,0,0,0,0,0
2023-12-07 05:13:00,38000,38000,38000,38000,0,1701926039999,0,0,0,0,0
2023-12-07 05:14:00,38000,38000,38000,38000,0,1701926099999,0,0,0,0,0
2023-12-07 05:15:00,38000,38000,38000,38000,0,1701926159999,0,0,0,0,0
2023-12-07 05:16:00,38000,38000,38000,38000,0,1701926219999,0,0,0,0,0
2023-12-07 05:17:00,38000,38000,38000,38000,0,1701926279999,0,0,0,0,0
2023-12-07 05:18:00,38000,38000,38000,38000,0,1701926339999,0,0,0,0,0
2023-12-07 05:19:00,38000,38000,38000,38000,0,1701926399999,0,0,0,0,0
2023-12-07 05:20:00,38000,38000,38000,38000,0,1701926459999,0,0,0,0,0
2023-12-07 05:21:00,38000,38000,38000,38000,0,1701926519999,0,0,0,0,0
2023-12-07 05:22:00,38000,38000,38000,38000,0,1701926579999,0,0,0,0,0
2023-12-07 05:23:00,38000,38000,38000,38000,0,1701926639999,0,0,0,0,0
2023-12-07 05:24:00,38000,38000,38000,38000,0,1701926699999,0,0,0,0,0
2023-12-07 05:25:00,38000,38000,38000,38000,0,1701926759999,0,0,0,0,0
2023-12-07 05:26:00,38000,38000,38000,38000,0,1701926819999,0,0,0,0,0
2023-12-07 05:27:00,38000,38000,38000,38000,0,1701926879999,0,0,0,0,0
2023-12-07 05:28:00,38000,38000,38000,38000,0,1701926939999,0,0,0,0,0
2023-12-07 05:29:00,38000,38000,38000,38000,0,1701926999999,0,0,0,0,0
2023-12-07 05:30:00,38000,38000,38000,38000,0,1701927059999,0,0,0,0,0
2023-12-07 05:31:00,38000,38000,38000,38000,0,1701927119999,0,0,0,0,0
2023-12-07 05:32:00,38000,38000,38000,38000,0,1701927179999,0,0,0,0,0
2023-12-07 05:33:00,38000,38000,38000,38000,0,1701927239999,0,0,0,0,0
2023-12-07 05:34:00,38000,38000,38000,38000,0,1701927299999,0,0,0,0,0
2023-12-07 05:35:00,38000,38000,38000,38000,0,1701927359999,0,0,0,0,0
2023-12-07 05:36:00,38000,38000,38000,38000,0,1701927419999,0,0,0,0,0
2023-12-07 05:37:00,38000,38000,38000,38000,0,1701927479999,0,0,0,0,0
2023-12-07 05:38:00,38000,38000,38000,38000,0,1701927539999,0,0,0,0,0
2023-12-07 05:39:00,38000,38000,38000,38000,0,1701927599999,0,0,0,0,0
2023-12-07 05:40:00,38000,38000,38000,38000,0,1701927659999,0,0,0,0,0
2023-12-07 05:41:00,38000,38000,38000,38000,0,1701927719999,0,0,0,0,0
2023-12-07 05:42:00,38000,38000,38000,38000,0,1701927779999,0,0,0,0,0
2023-12-07 05:43:00,38000,38000,38000,38000,0,1701927839999,0,0,0,0,0
2023-12-07 05:44:00,38000,38000,38000,38000,0,1701927899999,0,0,0,0,0
2023-12-07 05:45:00,38000,38000,38000,38000,0,1701927959999,0,0,0,0,0
2023-12-07 05:46:00,38000,38000,38000,38000,0,1701928019999,0,0,0,0,0
2023-12-07 05:47:00,38000,38000,38000,38000,0,1701928079999,0,0,0,0,0
2023-12-07 05:48:00,38000,38000,38000,38000,0,1701928139999,0,0,0,0,0
2023-12-07 05:49:00,38000,38000,38000,38000,0,1701928199999,0,0,0,0,0
2023-12-07 05:50:00,38000,38000,38000,38000,0,1701928259999,0,0,0,0,0
2023-12-07 05:51:00,38000,38000,38000,38000,0,1701928319999,0,0,0,0,0
2023-12-07 05:52:00,38000,38000,38000,38000,0,1701928379999,0,0,0,0,0
2023-12-07 05:53:00,38000,38000,38000,38000,0,1701928439999,0,0,0,0,0
2023-12-07 05:54:00,38000,38000,38000,38000,0,1701928499999,0,0,0,0,0
2023-12-07 05:55:00,38000,38000,38000,38000,0,1701928559999,0,0,0,0,0
2023-12-07 05:56:00,38000,38000,38000,38000,0,1701928619999,0,0,0,0,0
2023-12-07 05:57:00,38000,38000,38000,38000,0,1701928679999,0,0,0,0,0
2023-12-07 05:58:00,38000,38000,38000,38000,0,1701928739999,0,0,0,0,0
2023-12-07 05:59:00,38000,38000,38000,38000,0,1701928799999,0,0,0,0,0
2023-12-07 06:00:00,38000,38000,38000,38000,0,1701928859999,0,0,0,0,0
2023-12-07 06:01:00,38000,38000,38000,38000,0,1701928919999,0,0,0,0,0
2023-12-07 06:02:00,38000,38000,38000,38000,0,1701928979999,0,0,0,0,0
2023-12-07 06:03:00,38000,38000,38000,38000,0,1701929039999,0,0,0,0,0
2023-12-07 06:04:00,38000,38000,38000,38000,0,1701929099999,0,0,0,0,0
2023-12-07 06:05:00,38000,38000,38000,38000,0,1701929159999,0,0,0,0,0
2023-12-07 06:06:00,38000,38000,38000,38000,0,1701929219999,0,0,0,0,0
2023-12-07 06:07:00,38000,38000,38000,38000,0,1701929279999,0,0,0,0,0
2023-12-07 06:08:00,38000,38000,38000,38000,0,1701929339999,0,0,0,0,0
2023-12-07 06:09:00,38000,38000,38000,38000,0,1701929399999,0,0,0,0,0
2023-12-07 06:10:00,38000,38000,38000,38000,0,1701929459999,0,0,0,0,0
2023-12-07 06:11:00,38000,38000,38000,38000,0,1701929519999,0,0,0,0,0
2023-12-07 06:12:00,38000,38000,38000,38000,0,1701929579999,0,0,0,0,0
2023-12-07 06:13:00,38000,38000,38000,38000,0,1701929639999,0,0,0,0,0
2023-12-07 06:14:00,38000,38000,38000,38000,0,1701929699999,0,0,0,0,0
2023-12-07 06:15:00,38000,38000,38000,38000,0,1701929759999,0,0,0,0,0
2023-12-07 06:16:00,38000,38000,38000,38000,0,1701929819999,0,0,0,0,0
2023-12-07 06:17:00,38000,38000,38000,38000,0,1701929879999,0,0,0,0,0
2023-12-07 06:18:00,38000,38000,38000,38000,0,1701929939999,0,0,0,0,0
2023-12-07 06:19:00,38000,38000,38000,38000,0,1701929999999,0,0,0,0,0
2023-12-07 06:20:00,38000,38000,38000,38000,0,1701930059999,0,0,0,0,0
2023-12-07 06:21:00,38000,38000,38000,38000,0,1701930119999,0,0,0,0,0
2023-12-07 06:22:00,38000,38000,38000,38000,0,1701930179999,0,0,0,0,0
2023-12-07 06:23:00,38000,38000,38000,38000,0,1701930239999,0,0,0,0,0
2023-12-07 06:24:00,38000,38000,38000,38000,0,1701930299999,0,0,0,0,0
2023-12-07 06:25:00,38000,38000,38000,38000,0,1701930359999,0,0,0,0,0
2023-12-07 06:26:00,38000,38000,38000,38000,0,1701930419999,0,0,0,0,0
2023-12-07 06:27:00,38000,38000,38000,38000,0,1701930479999,0,0,0,0,0
2023-12-07 06:28:00,38000,38000,38000,38000,0,1701930539999,0,0,0,0,0
2023-12-07 06:29:00,38000,38000,38000,38000,0,1701930599999,0,0,0,0,0
2023-12-07 06:30:00,38000,38000,38000,38000,0,1701930659999,0,0,0,0,0
2023-12-07 06:31:00,38000,38000,38000,38000,0,1701930719999,0,0,0,0,0
2023-12-07 06:32:00,38000,38000,38000,38000,0,1701930779999,0,0,0,0,0
2023-12-07 06:33:00,38000,38000,38000,38000,0,1701930839999,0,0,0,0,0
2023-12-07 06:34:00,38000,38000,38000,38000,0,1701930899999,0,0,0,0,0
2023-12-07 06:35:00,38000,38000,38000,38000,0,1701930959999,0,0,0,0,0
2023-12-07 06:36:00,38000,38000,38000,38000,0,1701931019999,0,0,0,0,0
2023-12-07 06:37:00,38000,38000,38000,38000,0,1701931079999,0,0,0,0,0
2023-12-07 06:38:00,38000,38000,38000,38000,0,1701931139999,0,0,0,0,0
2023-12-07 06:39:00,38000,38000,38000,38000,0,1701931199999,0,0,0,0,0
2023-12-07 06:40:00,38000,38000,38000,38000,0,1701931259999,0,0,0,0,0
2023-12-07 06:41:00,38000,38000,38000,38000,0,1701931319999,0,0,0,0,0
2023-12-07 06:42:00,38000,38000,38000,38000,0,1701931379999,0,0,0,0,0
